,SurveyYear,Val,type
0,2003,149842.0,UNITID0.25
1,2003,4.0,ClassificationName0.25
2,2003,1.0,SanctionCode0.25
3,2003,497.0,MaleUndergraduates0.25
4,2003,674.75,FemaleUndergraduates0.25
5,2003,1196.75,TotalUndergraduates0.25
6,2003,2.0,SportCode0.25
7,2003,13.0,ParticipantsMensTeam0.25
8,2003,12.0,ParticipantsWomensTeam0.25
9,2003,13.0,TotalParticipantsMensTeamMenCoedTeam0.25
10,2003,12.0,TotalParticipantsWomensTeamWomenCoedTeam0.25
11,2003,1180.0,OperatingExpensesperParticipantMensTeam0.25
12,2003,19000.0,OperatingExpensesperTeamMensTeam0.25
13,2003,1172.0,OperatingExpensesperParticipantWomensTeam0.25
14,2003,16084.0,OperatingExpensesperTeamWomensTeam0.25
15,2003,35920.0,TotalOperatingExpensesMensTeamandWomensTeam0.25
16,2003,30826.75,RevenuesMensTeam0.25
17,2003,24450.5,RevenuesWomensTeam0.25
18,2003,58852.0,TotalRevenuesForMensTeamandWomensTeam0.25
19,2003,30339.0,TotalRevenuesMensTeamandMenCoedTeam0.25
20,2003,22726.0,TotalRevenuesWomensTeamandWomenCoedTeam0.25
21,2003,58852.0,TotalRevenuesMensTeamWomensTeamandCoedTeam0.25
22,2003,45942.0,ExpensesMensTeam0.25
23,2003,43619.0,ExpensesWomensTeam0.25
24,2003,88207.75,TotalExpensesMensTeamandWomensTeam0.25
25,2003,45056.0,TotalExpensesMensTeamandMenCoedTeam0.25
26,2003,39665.0,TotalExpensesWomensTeamandWomenCoedTeam0.25
27,2003,87146.0,TotalExpensesMensTeamWomensTeamandCoedTeam0.25
28,2003,178721.0,UNITID0.5
29,2003,7.0,ClassificationName0.5
30,2003,1.0,SanctionCode0.5
31,2003,945.0,MaleUndergraduates0.5
32,2003,1259.0,FemaleUndergraduates0.5
33,2003,2206.0,TotalUndergraduates0.5
34,2003,2.0,SportCode0.5
35,2003,15.0,ParticipantsMensTeam0.5
36,2003,14.0,ParticipantsWomensTeam0.5
37,2003,15.0,TotalParticipantsMensTeamMenCoedTeam0.5
38,2003,14.0,TotalParticipantsWomensTeamWomenCoedTeam0.5
39,2003,1914.0,OperatingExpensesperParticipantMensTeam0.5
40,2003,30221.0,OperatingExpensesperTeamMensTeam0.5
41,2003,1945.0,OperatingExpensesperParticipantWomensTeam0.5
42,2003,26990.0,OperatingExpensesperTeamWomensTeam0.5
43,2003,57500.0,TotalOperatingExpensesMensTeamandWomensTeam0.5
44,2003,85026.0,RevenuesMensTeam0.5
45,2003,61757.0,RevenuesWomensTeam0.5
46,2003,150767.0,TotalRevenuesForMensTeamandWomensTeam0.5
47,2003,83874.0,TotalRevenuesMensTeamandMenCoedTeam0.5
48,2003,59179.0,TotalRevenuesWomensTeamandWomenCoedTeam0.5
49,2003,150767.0,TotalRevenuesMensTeamWomensTeamandCoedTeam0.5
50,2003,106701.0,ExpensesMensTeam0.5
51,2003,90364.5,ExpensesWomensTeam0.5
52,2003,187482.5,TotalExpensesMensTeamandWomensTeam0.5
53,2003,105034.0,TotalExpensesMensTeamandMenCoedTeam0.5
54,2003,86496.0,TotalExpensesWomensTeamandWomenCoedTeam0.5
55,2003,186578.0,TotalExpensesMensTeamWomensTeamandCoedTeam0.5
56,2003,211291.0,UNITID0.75
57,2003,10.0,ClassificationName0.75
58,2003,3.0,SanctionCode0.75
59,2003,2172.25,MaleUndergraduates0.75
60,2003,2664.5,FemaleUndergraduates0.75
61,2003,4785.0,TotalUndergraduates0.75
62,2003,2.0,SportCode0.75
63,2003,17.0,ParticipantsMensTeam0.75
64,2003,15.0,ParticipantsWomensTeam0.75
65,2003,17.0,TotalParticipantsMensTeamMenCoedTeam0.75
66,2003,15.0,TotalParticipantsWomensTeamWomenCoedTeam0.75
67,2003,4229.0,OperatingExpensesperParticipantMensTeam0.75
68,2003,62480.0,OperatingExpensesperTeamMensTeam0.75
69,2003,3920.0,OperatingExpensesperParticipantWomensTeam0.75
70,2003,53386.0,OperatingExpensesperTeamWomensTeam0.75
71,2003,113452.0,TotalOperatingExpensesMensTeamandWomensTeam0.75
72,2003,255795.75,RevenuesMensTeam0.75
73,2003,159916.25,RevenuesWomensTeam0.75
74,2003,433653.0,TotalRevenuesForMensTeamandWomensTeam0.75
75,2003,253534.0,TotalRevenuesMensTeamandMenCoedTeam0.75
76,2003,155449.0,TotalRevenuesWomensTeamandWomenCoedTeam0.75
77,2003,433653.0,TotalRevenuesMensTeamWomensTeamandCoedTeam0.75
78,2003,312949.5,ExpensesMensTeam0.75
79,2003,278372.5,ExpensesWomensTeam0.75
80,2003,582910.0,TotalExpensesMensTeamandWomensTeam0.75
81,2003,309365.0,TotalExpensesMensTeamandMenCoedTeam0.75
82,2003,262246.0,TotalExpensesWomensTeamandWomenCoedTeam0.75
83,2003,580874.0,TotalExpensesMensTeamWomensTeamandCoedTeam0.75
84,2004,149678.25,UNITID0.25
85,2004,4.0,ClassificationName0.25
86,2004,1.0,SanctionCode0.25
87,2004,505.5,MaleUndergraduates0.25
88,2004,688.5,FemaleUndergraduates0.25
89,2004,1218.5,TotalUndergraduates0.25
90,2004,2.0,SportCode0.25
91,2004,13.0,ParticipantsMensTeam0.25
92,2004,12.0,ParticipantsWomensTeam0.25
93,2004,13.0,ParticipantsMenCoedTeam0.25
94,2004,16.0,ParticipantsWomenCoedTeam0.25
95,2004,13.0,TotalParticipantsMensTeamMenCoedTeam0.25
96,2004,12.0,TotalParticipantsWomensTeamWomenCoedTeam0.25
97,2004,1300.0,OperatingExpensesperParticipantMensTeam0.25
98,2004,20257.0,OperatingExpensesperTeamMensTeam0.25
99,2004,1293.5,OperatingExpensesperParticipantWomensTeam0.25
100,2004,17670.0,OperatingExpensesperTeamWomensTeam0.25
101,2004,38658.0,TotalOperatingExpensesMensTeamandWomensTeam0.25
102,2004,1781.689655,OperatingExpensesperParticipantMenCoedTeam0.25
103,2004,23161.96552,OperatingExpensesperTeamMenCoedTeam0.25
104,2004,1781.689655,OperatingExpensesperParticipantWomenCoedTeam0.25
105,2004,28507.03448,OperatingExpensesperTeamWomenCoedTeam0.25
106,2004,51669.0,TotalOperatingExpensesMenCoedTeamWomenCoedTeam0.25
107,2004,46399.5,RevenuesMensTeam0.25
108,2004,37785.0,RevenuesWomensTeam0.25
109,2004,85130.5,TotalRevenuesForMensTeamandWomensTeam0.25
110,2004,39528.06897,RevenuesMenCoedTeam0.25
111,2004,48649.93103,RevenuesWomenCoedTeam0.25
112,2004,88178.0,TotalRevenuesMenCoedTeamWomenCoedTeam0.25
113,2004,45072.75,TotalRevenuesMensTeamandMenCoedTeam0.25
114,2004,34397.25,TotalRevenuesWomensTeamandWomenCoedTeam0.25
115,2004,85057.0,TotalRevenuesMensTeamWomensTeamandCoedTeam0.25
116,2004,52671.0,ExpensesMensTeam0.25
117,2004,47835.0,ExpensesWomensTeam0.25
118,2004,98420.25,TotalExpensesMensTeamandWomensTeam0.25
119,2004,125948.0345,ExpensesMenCoedTeam0.25
120,2004,155012.9655,ExpensesWomenCoedTeam0.25
121,2004,280961.0,TotalExpensesMenCoedTeamandWomenCoedTeam0.25
122,2004,50934.0,TotalExpensesMensTeamandMenCoedTeam0.25
123,2004,42172.75,TotalExpensesWomensTeamandWomenCoedTeam0.25
124,2004,96865.5,TotalExpensesMensTeamWomensTeamandCoedTeam0.25
125,2004,178688.0,UNITID0.5
126,2004,7.0,ClassificationName0.5
127,2004,1.0,SanctionCode0.5
128,2004,951.0,MaleUndergraduates0.5
129,2004,1273.0,FemaleUndergraduates0.5
130,2004,2243.0,TotalUndergraduates0.5
131,2004,2.0,SportCode0.5
132,2004,15.0,ParticipantsMensTeam0.5
133,2004,14.0,ParticipantsWomensTeam0.5
134,2004,13.0,ParticipantsMenCoedTeam0.5
135,2004,16.0,ParticipantsWomenCoedTeam0.5
136,2004,15.0,TotalParticipantsMensTeamMenCoedTeam0.5
137,2004,14.0,TotalParticipantsWomensTeamWomenCoedTeam0.5
138,2004,2104.0,OperatingExpensesperParticipantMensTeam0.5
139,2004,33300.0,OperatingExpensesperTeamMensTeam0.5
140,2004,2123.0,OperatingExpensesperParticipantWomensTeam0.5
141,2004,29296.0,OperatingExpensesperTeamWomensTeam0.5
142,2004,62940.0,TotalOperatingExpensesMensTeamandWomensTeam0.5
143,2004,1781.689655,OperatingExpensesperParticipantMenCoedTeam0.5
144,2004,23161.96552,OperatingExpensesperTeamMenCoedTeam0.5
145,2004,1781.689655,OperatingExpensesperParticipantWomenCoedTeam0.5
146,2004,28507.03448,OperatingExpensesperTeamWomenCoedTeam0.5
147,2004,51669.0,TotalOperatingExpensesMenCoedTeamWomenCoedTeam0.5
148,2004,113390.0,RevenuesMensTeam0.5
149,2004,86973.0,RevenuesWomensTeam0.5
150,2004,203119.0,TotalRevenuesForMensTeamandWomensTeam0.5
151,2004,39528.06897,RevenuesMenCoedTeam0.5
152,2004,48649.93103,RevenuesWomenCoedTeam0.5
153,2004,88178.0,TotalRevenuesMenCoedTeamWomenCoedTeam0.5
154,2004,112505.0,TotalRevenuesMensTeamandMenCoedTeam0.5
155,2004,81904.0,TotalRevenuesWomensTeamandWomenCoedTeam0.5
156,2004,203116.0,TotalRevenuesMensTeamWomensTeamandCoedTeam0.5
157,2004,119541.0,ExpensesMensTeam0.5
158,2004,102442.0,ExpensesWomensTeam0.5
159,2004,214620.5,TotalExpensesMensTeamandWomensTeam0.5
160,2004,125948.0345,ExpensesMenCoedTeam0.5
161,2004,155012.9655,ExpensesWomenCoedTeam0.5
162,2004,280961.0,TotalExpensesMenCoedTeamandWomenCoedTeam0.5
163,2004,116890.0,TotalExpensesMensTeamandMenCoedTeam0.5
164,2004,96002.5,TotalExpensesWomensTeamandWomenCoedTeam0.5
165,2004,213040.5,TotalExpensesMensTeamWomensTeamandCoedTeam0.5
166,2004,211304.0,UNITID0.75
167,2004,10.0,ClassificationName0.75
168,2004,3.0,SanctionCode0.75
169,2004,2193.5,MaleUndergraduates0.75
170,2004,2743.5,FemaleUndergraduates0.75
171,2004,4885.0,TotalUndergraduates0.75
172,2004,2.0,SportCode0.75
173,2004,17.0,ParticipantsMensTeam0.75
174,2004,15.0,ParticipantsWomensTeam0.75
175,2004,13.0,ParticipantsMenCoedTeam0.75
176,2004,16.0,ParticipantsWomenCoedTeam0.75
177,2004,17.0,TotalParticipantsMensTeamMenCoedTeam0.75
178,2004,15.0,TotalParticipantsWomensTeamWomenCoedTeam0.75
179,2004,4725.5,OperatingExpensesperParticipantMensTeam0.75
180,2004,71173.5,OperatingExpensesperTeamMensTeam0.75
181,2004,4389.0,OperatingExpensesperParticipantWomensTeam0.75
182,2004,60614.0,OperatingExpensesperTeamWomensTeam0.75
183,2004,126695.5,TotalOperatingExpensesMensTeamandWomensTeam0.75
184,2004,1781.689655,OperatingExpensesperParticipantMenCoedTeam0.75
185,2004,23161.96552,OperatingExpensesperTeamMenCoedTeam0.75
186,2004,1781.689655,OperatingExpensesperParticipantWomenCoedTeam0.75
187,2004,28507.03448,OperatingExpensesperTeamWomenCoedTeam0.75
188,2004,51669.0,TotalOperatingExpensesMenCoedTeamWomenCoedTeam0.75
189,2004,307403.0,RevenuesMensTeam0.75
190,2004,207079.0,RevenuesWomensTeam0.75
191,2004,529190.5,TotalRevenuesForMensTeamandWomensTeam0.75
192,2004,39528.06897,RevenuesMenCoedTeam0.75
193,2004,48649.93103,RevenuesWomenCoedTeam0.75
194,2004,88178.0,TotalRevenuesMenCoedTeamWomenCoedTeam0.75
195,2004,304947.75,TotalRevenuesMensTeamandMenCoedTeam0.75
196,2004,198861.75,TotalRevenuesWomensTeamandWomenCoedTeam0.75
197,2004,528740.75,TotalRevenuesMensTeamWomensTeamandCoedTeam0.75
198,2004,336280.0,ExpensesMensTeam0.75
199,2004,306219.0,ExpensesWomensTeam0.75
200,2004,620274.0,TotalExpensesMensTeamandWomensTeam0.75
201,2004,125948.0345,ExpensesMenCoedTeam0.75
202,2004,155012.9655,ExpensesWomenCoedTeam0.75
203,2004,280961.0,TotalExpensesMenCoedTeamandWomenCoedTeam0.75
204,2004,331496.5,TotalExpensesMensTeamandMenCoedTeam0.75
205,2004,287473.974125,TotalExpensesWomensTeamandWomenCoedTeam0.75
206,2004,615816.0,TotalExpensesMensTeamWomensTeamandCoedTeam0.75
207,2005,149774.25,UNITID0.25
208,2005,4.0,ClassificationName0.25
209,2005,1.0,SanctionCode0.25
210,2005,513.0,MaleUndergraduates0.25
211,2005,698.0,FemaleUndergraduates0.25
212,2005,1220.0,TotalUndergraduates0.25
213,2005,2.0,SportCode0.25
214,2005,13.0,ParticipantsMensTeam0.25
215,2005,12.0,ParticipantsWomensTeam0.25
216,2005,10.0,ParticipantsMenCoedTeam0.25
217,2005,8.0,ParticipantsWomenCoedTeam0.25
218,2005,13.0,TotalParticipantsMensTeamMenCoedTeam0.25
219,2005,12.0,TotalParticipantsWomensTeamWomenCoedTeam0.25
220,2005,1371.25,OperatingExpensesperParticipantMensTeam0.25
221,2005,21688.0,OperatingExpensesperTeamMensTeam0.25
222,2005,1401.25,OperatingExpensesperParticipantWomensTeam0.25
223,2005,19456.75,OperatingExpensesperTeamWomensTeam0.25
224,2005,41857.5,TotalOperatingExpensesMensTeamandWomensTeam0.25
225,2005,227.7777778,OperatingExpensesperParticipantMenCoedTeam0.25
226,2005,2277.777778,OperatingExpensesperTeamMenCoedTeam0.25
227,2005,227.7777778,OperatingExpensesperParticipantWomenCoedTeam0.25
228,2005,1822.222222,OperatingExpensesperTeamWomenCoedTeam0.25
229,2005,4100.0,TotalOperatingExpensesMenCoedTeamWomenCoedTeam0.25
230,2005,62039.5,RevenuesMensTeam0.25
231,2005,51173.0,RevenuesWomensTeam0.25
232,2005,115255.0,TotalRevenuesForMensTeamandWomensTeam0.25
233,2005,291.6666667,RevenuesMenCoedTeam0.25
234,2005,233.3333333,RevenuesWomenCoedTeam0.25
235,2005,525.0,TotalRevenuesMenCoedTeamWomenCoedTeam0.25
236,2005,61293.5,TotalRevenuesMensTeamandMenCoedTeam0.25
237,2005,46472.75,TotalRevenuesWomensTeamandWomenCoedTeam0.25
238,2005,115255.0,TotalRevenuesMensTeamWomensTeamandCoedTeam0.25
239,2005,70232.75,ExpensesMensTeam0.25
240,2005,63327.5,ExpensesWomensTeam0.25
241,2005,128624.0,TotalExpensesMensTeamandWomensTeam0.25
242,2005,1958.333333,ExpensesMenCoedTeam0.25
243,2005,1566.666667,ExpensesWomenCoedTeam0.25
244,2005,3525.0,TotalExpensesMenCoedTeamandWomenCoedTeam0.25
245,2005,68259.25,TotalExpensesMensTeamandMenCoedTeam0.25
246,2005,58362.5,TotalExpensesWomensTeamandWomenCoedTeam0.25
247,2005,127377.75,TotalExpensesMensTeamWomensTeamandCoedTeam0.25
248,2005,178882.0,UNITID0.5
249,2005,7.0,ClassificationName0.5
250,2005,1.0,SanctionCode0.5
251,2005,961.0,MaleUndergraduates0.5
252,2005,1287.0,FemaleUndergraduates0.5
253,2005,2278.0,TotalUndergraduates0.5
254,2005,2.0,SportCode0.5
255,2005,15.0,ParticipantsMensTeam0.5
256,2005,14.0,ParticipantsWomensTeam0.5
257,2005,10.0,ParticipantsMenCoedTeam0.5
258,2005,8.0,ParticipantsWomenCoedTeam0.5
259,2005,15.0,TotalParticipantsMensTeamMenCoedTeam0.5
260,2005,14.0,TotalParticipantsWomensTeamWomenCoedTeam0.5
261,2005,2253.0,OperatingExpensesperParticipantMensTeam0.5
262,2005,35957.5,OperatingExpensesperTeamMensTeam0.5
263,2005,2294.5,OperatingExpensesperParticipantWomensTeam0.5
264,2005,31537.5,OperatingExpensesperTeamWomensTeam0.5
265,2005,67338.5,TotalOperatingExpensesMensTeamandWomensTeam0.5
266,2005,227.7777778,OperatingExpensesperParticipantMenCoedTeam0.5
267,2005,2277.777778,OperatingExpensesperTeamMenCoedTeam0.5
268,2005,227.7777778,OperatingExpensesperParticipantWomenCoedTeam0.5
269,2005,1822.222222,OperatingExpensesperTeamWomenCoedTeam0.5
270,2005,4100.0,TotalOperatingExpensesMenCoedTeamWomenCoedTeam0.5
271,2005,140451.5,RevenuesMensTeam0.5
272,2005,108814.0,RevenuesWomensTeam0.5
273,2005,258565.0,TotalRevenuesForMensTeamandWomensTeam0.5
274,2005,291.6666667,RevenuesMenCoedTeam0.5
275,2005,233.3333333,RevenuesWomenCoedTeam0.5
276,2005,525.0,TotalRevenuesMenCoedTeamWomenCoedTeam0.5
277,2005,139480.5,TotalRevenuesMensTeamandMenCoedTeam0.5
278,2005,105173.5,TotalRevenuesWomensTeamandWomenCoedTeam0.5
279,2005,258565.0,TotalRevenuesMensTeamWomensTeamandCoedTeam0.5
280,2005,148531.5,ExpensesMensTeam0.5
281,2005,130622.0,ExpensesWomensTeam0.5
282,2005,272274.0,TotalExpensesMensTeamandWomensTeam0.5
283,2005,1958.333333,ExpensesMenCoedTeam0.5
284,2005,1566.666667,ExpensesWomenCoedTeam0.5
285,2005,3525.0,TotalExpensesMenCoedTeamandWomenCoedTeam0.5
286,2005,147148.5,TotalExpensesMensTeamandMenCoedTeam0.5
287,2005,123963.5,TotalExpensesWomensTeamandWomenCoedTeam0.5
288,2005,271051.5,TotalExpensesMensTeamWomensTeamandCoedTeam0.5
289,2005,211349.75,UNITID0.75
290,2005,10.0,ClassificationName0.75
291,2005,3.0,SanctionCode0.75
292,2005,2202.0,MaleUndergraduates0.75
293,2005,2770.0,FemaleUndergraduates0.75
294,2005,4930.5,TotalUndergraduates0.75
295,2005,2.0,SportCode0.75
296,2005,17.0,ParticipantsMensTeam0.75
297,2005,15.0,ParticipantsWomensTeam0.75
298,2005,10.0,ParticipantsMenCoedTeam0.75
299,2005,8.0,ParticipantsWomenCoedTeam0.75
300,2005,17.0,TotalParticipantsMensTeamMenCoedTeam0.75
301,2005,15.0,TotalParticipantsWomensTeamWomenCoedTeam0.75
302,2005,4893.5,OperatingExpensesperParticipantMensTeam0.75
303,2005,71710.0,OperatingExpensesperTeamMensTeam0.75
304,2005,4550.5,OperatingExpensesperParticipantWomensTeam0.75
305,2005,63791.5,OperatingExpensesperTeamWomensTeam0.75
306,2005,136685.25,TotalOperatingExpensesMensTeamandWomensTeam0.75
307,2005,227.7777778,OperatingExpensesperParticipantMenCoedTeam0.75
308,2005,2277.777778,OperatingExpensesperTeamMenCoedTeam0.75
309,2005,227.7777778,OperatingExpensesperParticipantWomenCoedTeam0.75
310,2005,1822.222222,OperatingExpensesperTeamWomenCoedTeam0.75
311,2005,4100.0,TotalOperatingExpensesMenCoedTeamWomenCoedTeam0.75
312,2005,348755.75,RevenuesMensTeam0.75
313,2005,259153.5,RevenuesWomensTeam0.75
314,2005,608251.25,TotalRevenuesForMensTeamandWomensTeam0.75
315,2005,291.6666667,RevenuesMenCoedTeam0.75
316,2005,233.3333333,RevenuesWomenCoedTeam0.75
317,2005,525.0,TotalRevenuesMenCoedTeamWomenCoedTeam0.75
318,2005,347825.0,TotalRevenuesMensTeamandMenCoedTeam0.75
319,2005,249984.5,TotalRevenuesWomensTeamandWomenCoedTeam0.75
320,2005,608251.25,TotalRevenuesMensTeamWomensTeamandCoedTeam0.75
321,2005,387732.25,ExpensesMensTeam0.75
322,2005,344802.0,ExpensesWomensTeam0.75
323,2005,715170.0,TotalExpensesMensTeamandWomensTeam0.75
324,2005,1958.333333,ExpensesMenCoedTeam0.75
325,2005,1566.666667,ExpensesWomenCoedTeam0.75
326,2005,3525.0,TotalExpensesMenCoedTeamandWomenCoedTeam0.75
327,2005,384829.0,TotalExpensesMensTeamandMenCoedTeam0.75
328,2005,324099.0,TotalExpensesWomensTeamandWomenCoedTeam0.75
329,2005,713858.75,TotalExpensesMensTeamWomensTeamandCoedTeam0.75
330,2006,149778.75,UNITID0.25
331,2006,4.0,ClassificationName0.25
332,2006,1.0,SanctionCode0.25
333,2006,517.0,MaleUndergraduates0.25
334,2006,679.0,FemaleUndergraduates0.25
335,2006,1240.0,TotalUndergraduates0.25
336,2006,2.0,SportCode0.25
337,2006,13.0,ParticipantsMensTeam0.25
338,2006,12.0,ParticipantsWomensTeam0.25
339,2006,13.0,TotalParticipantsMensTeamMenCoedTeam0.25
340,2006,12.0,TotalParticipantsWomensTeamWomenCoedTeam0.25
341,2006,1446.75,OperatingExpensesperParticipantMensTeam0.25
342,2006,22824.0,OperatingExpensesperTeamMensTeam0.25
343,2006,1526.75,OperatingExpensesperParticipantWomensTeam0.25
344,2006,20355.0,OperatingExpensesperTeamWomensTeam0.25
345,2006,44910.25,TotalOperatingExpensesMensTeamandWomensTeam0.25
346,2006,69659.5,RevenuesMensTeam0.25
347,2006,60053.0,RevenuesWomensTeam0.25
348,2006,128805.5,TotalRevenuesForMensTeamandWomensTeam0.25
349,2006,67882.75,TotalRevenuesMensTeamandMenCoedTeam0.25
350,2006,53869.5,TotalRevenuesWomensTeamandWomenCoedTeam0.25
351,2006,128607.25,TotalRevenuesMensTeamWomensTeamandCoedTeam0.25
352,2006,76298.5,ExpensesMensTeam0.25
353,2006,70123.75,ExpensesWomensTeam0.25
354,2006,140278.75,TotalExpensesMensTeamandWomensTeam0.25
355,2006,74611.0,TotalExpensesMensTeamandMenCoedTeam0.25
356,2006,64947.75,TotalExpensesWomensTeamandWomenCoedTeam0.25
357,2006,140278.75,TotalExpensesMensTeamWomensTeamandCoedTeam0.25
358,2006,178709.0,UNITID0.5
359,2006,7.0,ClassificationName0.5
360,2006,1.0,SanctionCode0.5
361,2006,963.0,MaleUndergraduates0.5
362,2006,1312.0,FemaleUndergraduates0.5
363,2006,2297.0,TotalUndergraduates0.5
364,2006,2.0,SportCode0.5
365,2006,15.0,ParticipantsMensTeam0.5
366,2006,14.0,ParticipantsWomensTeam0.5
367,2006,15.0,TotalParticipantsMensTeamMenCoedTeam0.5
368,2006,14.0,TotalParticipantsWomensTeamWomenCoedTeam0.5
369,2006,2396.0,OperatingExpensesperParticipantMensTeam0.5
370,2006,38289.0,OperatingExpensesperTeamMensTeam0.5
371,2006,2449.0,OperatingExpensesperParticipantWomensTeam0.5
372,2006,33501.5,OperatingExpensesperTeamWomensTeam0.5
373,2006,72852.0,TotalOperatingExpensesMensTeamandWomensTeam0.5
374,2006,150636.5,RevenuesMensTeam0.5
375,2006,123296.5,RevenuesWomensTeam0.5
376,2006,273175.0,TotalRevenuesForMensTeamandWomensTeam0.5
377,2006,149242.0,TotalRevenuesMensTeamandMenCoedTeam0.5
378,2006,116838.5,TotalRevenuesWomensTeamandWomenCoedTeam0.5
379,2006,273048.5,TotalRevenuesMensTeamWomensTeamandCoedTeam0.5
380,2006,158321.5,ExpensesMensTeam0.5
381,2006,140309.5,ExpensesWomensTeam0.5
382,2006,283773.0,TotalExpensesMensTeamandWomensTeam0.5
383,2006,156018.0,TotalExpensesMensTeamandMenCoedTeam0.5
384,2006,134330.5,TotalExpensesWomensTeamandWomenCoedTeam0.5
385,2006,283773.0,TotalExpensesMensTeamWomensTeamandCoedTeam0.5
386,2006,211354.25,UNITID0.75
387,2006,10.0,ClassificationName0.75
388,2006,3.0,SanctionCode0.75
389,2006,2296.5,MaleUndergraduates0.75
390,2006,2884.75,FemaleUndergraduates0.75
391,2006,5162.25,TotalUndergraduates0.75
392,2006,2.0,SportCode0.75
393,2006,17.0,ParticipantsMensTeam0.75
394,2006,15.0,ParticipantsWomensTeam0.75
395,2006,17.0,TotalParticipantsMensTeamMenCoedTeam0.75
396,2006,15.0,TotalParticipantsWomensTeamWomenCoedTeam0.75
397,2006,5075.25,OperatingExpensesperParticipantMensTeam0.75
398,2006,76916.25,OperatingExpensesperTeamMensTeam0.75
399,2006,5016.25,OperatingExpensesperParticipantWomensTeam0.75
400,2006,67444.5,OperatingExpensesperTeamWomensTeam0.75
401,2006,135615.0,TotalOperatingExpensesMensTeamandWomensTeam0.75
402,2006,390226.5,RevenuesMensTeam0.75
403,2006,288446.25,RevenuesWomensTeam0.75
404,2006,695536.0,TotalRevenuesForMensTeamandWomensTeam0.75
405,2006,387639.25,TotalRevenuesMensTeamandMenCoedTeam0.75
406,2006,277907.5,TotalRevenuesWomensTeamandWomenCoedTeam0.75
407,2006,695087.5,TotalRevenuesMensTeamWomensTeamandCoedTeam0.75
408,2006,410375.75,ExpensesMensTeam0.75
409,2006,363703.5,ExpensesWomensTeam0.75
410,2006,758710.75,TotalExpensesMensTeamandWomensTeam0.75
411,2006,403587.75,TotalExpensesMensTeamandMenCoedTeam0.75
412,2006,352296.75,TotalExpensesWomensTeamandWomenCoedTeam0.75
413,2006,758710.75,TotalExpensesMensTeamWomensTeamandCoedTeam0.75
414,2007,150286.0,UNITID0.25
415,2007,4.0,ClassificationName0.25
416,2007,1.0,SanctionCode0.25
417,2007,499.5,MaleUndergraduates0.25
418,2007,679.0,FemaleUndergraduates0.25
419,2007,1186.5,TotalUndergraduates0.25
420,2007,2.0,SportCode0.25
421,2007,14.0,ParticipantsMensTeam0.25
422,2007,12.0,ParticipantsWomensTeam0.25
423,2007,13.0,TotalParticipantsMensTeamMenCoedTeam0.25
424,2007,12.0,TotalParticipantsWomensTeamWomenCoedTeam0.25
425,2007,1428.0,OperatingExpensesperParticipantMensTeam0.25
426,2007,23688.0,OperatingExpensesperTeamMensTeam0.25
427,2007,1542.5,OperatingExpensesperParticipantWomensTeam0.25
428,2007,21232.0,OperatingExpensesperTeamWomensTeam0.25
429,2007,45963.0,TotalOperatingExpensesMensTeamandWomensTeam0.25
430,2007,82241.25,RevenuesMensTeam0.25
431,2007,75081.75,RevenuesWomensTeam0.25
432,2007,151944.5,TotalRevenuesForMensTeamandWomensTeam0.25
433,2007,78103.0,TotalRevenuesMensTeamandMenCoedTeam0.25
434,2007,69340.5,TotalRevenuesWomensTeamandWomenCoedTeam0.25
435,2007,151944.5,TotalRevenuesMensTeamWomensTeamandCoedTeam0.25
436,2007,83617.0,ExpensesMensTeam0.25
437,2007,76223.0,ExpensesWomensTeam0.25
438,2007,153011.0,TotalExpensesMensTeamandWomensTeam0.25
439,2007,80211.5,TotalExpensesMensTeamandMenCoedTeam0.25
440,2007,70739.5,TotalExpensesWomensTeamandWomenCoedTeam0.25
441,2007,153011.0,TotalExpensesMensTeamWomensTeamandCoedTeam0.25
442,2007,179557.0,UNITID0.5
443,2007,7.0,ClassificationName0.5
444,2007,1.0,SanctionCode0.5
445,2007,944.0,MaleUndergraduates0.5
446,2007,1264.0,FemaleUndergraduates0.5
447,2007,2215.0,TotalUndergraduates0.5
448,2007,2.0,SportCode0.5
449,2007,15.0,ParticipantsMensTeam0.5
450,2007,14.0,ParticipantsWomensTeam0.5
451,2007,15.0,TotalParticipantsMensTeamMenCoedTeam0.5
452,2007,14.0,TotalParticipantsWomensTeamWomenCoedTeam0.5
453,2007,2427.0,OperatingExpensesperParticipantMensTeam0.5
454,2007,39057.0,OperatingExpensesperTeamMensTeam0.5
455,2007,2465.0,OperatingExpensesperParticipantWomensTeam0.5
456,2007,34274.0,OperatingExpensesperTeamWomensTeam0.5
457,2007,73742.0,TotalOperatingExpensesMensTeamandWomensTeam0.5
458,2007,167102.5,RevenuesMensTeam0.5
459,2007,141209.5,RevenuesWomensTeam0.5
460,2007,300000.0,TotalRevenuesForMensTeamandWomensTeam0.5
461,2007,162818.0,TotalRevenuesMensTeamandMenCoedTeam0.5
462,2007,134902.0,TotalRevenuesWomensTeamandWomenCoedTeam0.5
463,2007,300000.0,TotalRevenuesMensTeamWomensTeamandCoedTeam0.5
464,2007,175755.5,ExpensesMensTeam0.5
465,2007,151922.0,ExpensesWomensTeam0.5
466,2007,311079.0,TotalExpensesMensTeamandWomensTeam0.5
467,2007,169792.0,TotalExpensesMensTeamandMenCoedTeam0.5
468,2007,144305.0,TotalExpensesWomensTeamandWomenCoedTeam0.5
469,2007,311079.0,TotalExpensesMensTeamWomensTeamandCoedTeam0.5
470,2007,211613.5,UNITID0.75
471,2007,10.0,ClassificationName0.75
472,2007,3.0,SanctionCode0.75
473,2007,2223.5,MaleUndergraduates0.75
474,2007,2754.5,FemaleUndergraduates0.75
475,2007,4913.5,TotalUndergraduates0.75
476,2007,2.0,SportCode0.75
477,2007,17.0,ParticipantsMensTeam0.75
478,2007,16.0,ParticipantsWomensTeam0.75
479,2007,17.0,TotalParticipantsMensTeamMenCoedTeam0.75
480,2007,15.0,TotalParticipantsWomensTeamWomenCoedTeam0.75
481,2007,5045.0,OperatingExpensesperParticipantMensTeam0.75
482,2007,76881.5,OperatingExpensesperTeamMensTeam0.75
483,2007,4993.5,OperatingExpensesperParticipantWomensTeam0.75
484,2007,67967.0,OperatingExpensesperTeamWomensTeam0.75
485,2007,143510.5,TotalOperatingExpensesMensTeamandWomensTeam0.75
486,2007,418437.75,RevenuesMensTeam0.75
487,2007,324481.0,RevenuesWomensTeam0.75
488,2007,739419.5,TotalRevenuesForMensTeamandWomensTeam0.75
489,2007,411931.5,TotalRevenuesMensTeamandMenCoedTeam0.75
490,2007,316991.0,TotalRevenuesWomensTeamandWomenCoedTeam0.75
491,2007,739419.5,TotalRevenuesMensTeamWomensTeamandCoedTeam0.75
492,2007,444885.25,ExpensesMensTeam0.75
493,2007,388357.5,ExpensesWomensTeam0.75
494,2007,799624.5,TotalExpensesMensTeamandWomensTeam0.75
495,2007,435526.0,TotalExpensesMensTeamandMenCoedTeam0.75
496,2007,372676.0,TotalExpensesWomensTeamandWomenCoedTeam0.75
497,2007,799624.5,TotalExpensesMensTeamWomensTeamandCoedTeam0.75
498,2008,150229.0,UNITID0.25
499,2008,4.0,ClassificationName0.25
500,2008,1.0,SanctionCode0.25
501,2008,507.0,MaleUndergraduates0.25
502,2008,690.0,FemaleUndergraduates0.25
503,2008,1229.25,TotalUndergraduates0.25
504,2008,2.0,SportCode0.25
505,2008,14.0,ParticipantsMensTeam0.25
506,2008,12.0,ParticipantsWomensTeam0.25
507,2008,14.0,TotalParticipantsMensTeamMenCoedTeam0.25
508,2008,12.0,TotalParticipantsWomensTeamWomenCoedTeam0.25
509,2008,1523.25,OperatingExpensesperParticipantMensTeam0.25
510,2008,24992.5,OperatingExpensesperTeamMensTeam0.25
511,2008,1597.25,OperatingExpensesperParticipantWomensTeam0.25
512,2008,21583.25,OperatingExpensesperTeamWomensTeam0.25
513,2008,47425.0,TotalOperatingExpensesMensTeamandWomensTeam0.25
514,2008,89229.75,RevenuesMensTeam0.25
515,2008,81498.25,RevenuesWomensTeam0.25
516,2008,162813.75,TotalRevenuesForMensTeamandWomensTeam0.25
517,2008,85883.5,TotalRevenuesMensTeamandMenCoedTeam0.25
518,2008,73087.0,TotalRevenuesWomensTeamandWomenCoedTeam0.25
519,2008,162813.75,TotalRevenuesMensTeamWomensTeamandCoedTeam0.25
520,2008,89059.0,ExpensesMensTeam0.25
521,2008,82450.75,ExpensesWomensTeam0.25
522,2008,163076.0,TotalExpensesMensTeamandWomensTeam0.25
523,2008,86740.75,TotalExpensesMensTeamandMenCoedTeam0.25
524,2008,74580.0,TotalExpensesWomensTeamandWomenCoedTeam0.25
525,2008,163076.0,TotalExpensesMensTeamWomensTeamandCoedTeam0.25
526,2008,179561.5,UNITID0.5
527,2008,7.0,ClassificationName0.5
528,2008,1.0,SanctionCode0.5
529,2008,959.0,MaleUndergraduates0.5
530,2008,1269.0,FemaleUndergraduates0.5
531,2008,2245.0,TotalUndergraduates0.5
532,2008,2.0,SportCode0.5
533,2008,15.0,ParticipantsMensTeam0.5
534,2008,14.0,ParticipantsWomensTeam0.5
535,2008,15.0,TotalParticipantsMensTeamMenCoedTeam0.5
536,2008,14.0,TotalParticipantsWomensTeamWomenCoedTeam0.5
537,2008,2566.0,OperatingExpensesperParticipantMensTeam0.5
538,2008,39899.5,OperatingExpensesperTeamMensTeam0.5
539,2008,2557.5,OperatingExpensesperParticipantWomensTeam0.5
540,2008,35706.0,OperatingExpensesperTeamWomensTeam0.5
541,2008,75724.0,TotalOperatingExpensesMensTeamandWomensTeam0.5
542,2008,186659.0,RevenuesMensTeam0.5
543,2008,155759.5,RevenuesWomensTeam0.5
544,2008,329989.0,TotalRevenuesForMensTeamandWomensTeam0.5
545,2008,181778.5,TotalRevenuesMensTeamandMenCoedTeam0.5
546,2008,147254.5,TotalRevenuesWomensTeamandWomenCoedTeam0.5
547,2008,329989.0,TotalRevenuesMensTeamWomensTeamandCoedTeam0.5
548,2008,188135.0,ExpensesMensTeam0.5
549,2008,163442.0,ExpensesWomensTeam0.5
550,2008,331190.0,TotalExpensesMensTeamandWomensTeam0.5
551,2008,183427.5,TotalExpensesMensTeamandMenCoedTeam0.5
552,2008,154287.0,TotalExpensesWomensTeamandWomenCoedTeam0.5
553,2008,331190.0,TotalExpensesMensTeamWomensTeamandCoedTeam0.5
554,2008,211556.5,UNITID0.75
555,2008,10.0,ClassificationName0.75
556,2008,3.0,SanctionCode0.75
557,2008,2252.75,MaleUndergraduates0.75
558,2008,2720.75,FemaleUndergraduates0.75
559,2008,4956.5,TotalUndergraduates0.75
560,2008,2.0,SportCode0.75
561,2008,17.0,ParticipantsMensTeam0.75
562,2008,16.0,ParticipantsWomensTeam0.75
563,2008,17.0,TotalParticipantsMensTeamMenCoedTeam0.75
564,2008,16.0,TotalParticipantsWomensTeamWomenCoedTeam0.75
565,2008,5296.75,OperatingExpensesperParticipantMensTeam0.75
566,2008,81652.0,OperatingExpensesperTeamMensTeam0.75
567,2008,5182.75,OperatingExpensesperParticipantWomensTeam0.75
568,2008,70580.5,OperatingExpensesperTeamWomensTeam0.75
569,2008,147979.0,TotalOperatingExpensesMensTeamandWomensTeam0.75
570,2008,461728.5,RevenuesMensTeam0.75
571,2008,353484.5,RevenuesWomensTeam0.75
572,2008,829258.5,TotalRevenuesForMensTeamandWomensTeam0.75
573,2008,455488.75,TotalRevenuesMensTeamandMenCoedTeam0.75
574,2008,339252.25,TotalRevenuesWomensTeamandWomenCoedTeam0.75
575,2008,829258.5,TotalRevenuesMensTeamWomensTeamandCoedTeam0.75
576,2008,472172.75,ExpensesMensTeam0.75
577,2008,423492.25,ExpensesWomensTeam0.75
578,2008,864705.25,TotalExpensesMensTeamandWomensTeam0.75
579,2008,466718.0,TotalExpensesMensTeamandMenCoedTeam0.75
580,2008,398387.25,TotalExpensesWomensTeamandWomenCoedTeam0.75
581,2008,864705.25,TotalExpensesMensTeamWomensTeamandCoedTeam0.75
582,2009,150534.0,UNITID0.25
583,2009,4.0,ClassificationName0.25
584,2009,1.0,SanctionCode0.25
585,2009,536.0,MaleUndergraduates0.25
586,2009,720.0,FemaleUndergraduates0.25
587,2009,1287.0,TotalUndergraduates0.25
588,2009,2.0,SportCode0.25
589,2009,14.0,ParticipantsMensTeam0.25
590,2009,12.0,ParticipantsWomensTeam0.25
591,2009,14.0,TotalParticipantsMensTeamMenCoedTeam0.25
592,2009,12.0,TotalParticipantsWomensTeamWomenCoedTeam0.25
593,2009,1534.0,OperatingExpensesperParticipantMensTeam0.25
594,2009,24436.0,OperatingExpensesperTeamMensTeam0.25
595,2009,1575.0,OperatingExpensesperParticipantWomensTeam0.25
596,2009,22107.0,OperatingExpensesperTeamWomensTeam0.25
597,2009,47140.0,TotalOperatingExpensesMensTeamandWomensTeam0.25
598,2009,92643.5,RevenuesMensTeam0.25
599,2009,84565.5,RevenuesWomensTeam0.25
600,2009,168324.0,TotalRevenuesForMensTeamandWomensTeam0.25
601,2009,87876.0,TotalRevenuesMensTeamandMenCoedTeam0.25
602,2009,74096.0,TotalRevenuesWomensTeamandWomenCoedTeam0.25
603,2009,168324.0,TotalRevenuesMensTeamWomensTeamandCoedTeam0.25
604,2009,90655.75,ExpensesMensTeam0.25
605,2009,82815.5,ExpensesWomensTeam0.25
606,2009,164445.0,TotalExpensesMensTeamandWomensTeam0.25
607,2009,87576.0,TotalExpensesMensTeamandMenCoedTeam0.25
608,2009,73034.0,TotalExpensesWomensTeamandWomenCoedTeam0.25
609,2009,164445.0,TotalExpensesMensTeamWomensTeamandCoedTeam0.25
610,2009,179867.0,UNITID0.5
611,2009,7.0,ClassificationName0.5
612,2009,1.0,SanctionCode0.5
613,2009,1020.0,MaleUndergraduates0.5
614,2009,1350.0,FemaleUndergraduates0.5
615,2009,2380.0,TotalUndergraduates0.5
616,2009,2.0,SportCode0.5
617,2009,15.0,ParticipantsMensTeam0.5
618,2009,14.0,ParticipantsWomensTeam0.5
619,2009,15.0,TotalParticipantsMensTeamMenCoedTeam0.5
620,2009,14.0,TotalParticipantsWomensTeamWomenCoedTeam0.5
621,2009,2453.0,OperatingExpensesperParticipantMensTeam0.5
622,2009,39396.0,OperatingExpensesperTeamMensTeam0.5
623,2009,2502.0,OperatingExpensesperParticipantWomensTeam0.5
624,2009,35226.0,OperatingExpensesperTeamWomensTeam0.5
625,2009,74458.0,TotalOperatingExpensesMensTeamandWomensTeam0.5
626,2009,198474.0,RevenuesMensTeam0.5
627,2009,166597.0,RevenuesWomensTeam0.5
628,2009,352110.0,TotalRevenuesForMensTeamandWomensTeam0.5
629,2009,192937.0,TotalRevenuesMensTeamandMenCoedTeam0.5
630,2009,155387.0,TotalRevenuesWomensTeamandWomenCoedTeam0.5
631,2009,352110.0,TotalRevenuesMensTeamWomensTeamandCoedTeam0.5
632,2009,197684.0,ExpensesMensTeam0.5
633,2009,168960.0,ExpensesWomensTeam0.5
634,2009,345499.0,TotalExpensesMensTeamandWomensTeam0.5
635,2009,189751.0,TotalExpensesMensTeamandMenCoedTeam0.5
636,2009,158390.0,TotalExpensesWomensTeamandWomenCoedTeam0.5
637,2009,345499.0,TotalExpensesMensTeamWomensTeamandCoedTeam0.5
638,2009,211981.0,UNITID0.75
639,2009,10.0,ClassificationName0.75
640,2009,3.0,SanctionCode0.75
641,2009,2379.0,MaleUndergraduates0.75
642,2009,2880.0,FemaleUndergraduates0.75
643,2009,5266.0,TotalUndergraduates0.75
644,2009,2.0,SportCode0.75
645,2009,17.0,ParticipantsMensTeam0.75
646,2009,16.0,ParticipantsWomensTeam0.75
647,2009,17.0,TotalParticipantsMensTeamMenCoedTeam0.75
648,2009,16.0,TotalParticipantsWomensTeamWomenCoedTeam0.75
649,2009,5286.0,OperatingExpensesperParticipantMensTeam0.75
650,2009,81841.0,OperatingExpensesperTeamMensTeam0.75
651,2009,4996.0,OperatingExpensesperParticipantWomensTeam0.75
652,2009,70542.0,OperatingExpensesperTeamWomensTeam0.75
653,2009,150897.0,TotalOperatingExpensesMensTeamandWomensTeam0.75
654,2009,478539.75,RevenuesMensTeam0.75
655,2009,394148.5,RevenuesWomensTeam0.75
656,2009,868665.0,TotalRevenuesForMensTeamandWomensTeam0.75
657,2009,460291.0,TotalRevenuesMensTeamandMenCoedTeam0.75
658,2009,380483.0,TotalRevenuesWomensTeamandWomenCoedTeam0.75
659,2009,868665.0,TotalRevenuesMensTeamWomensTeamandCoedTeam0.75
660,2009,474929.0,ExpensesMensTeam0.75
661,2009,427678.0,ExpensesWomensTeam0.75
662,2009,854745.0,TotalExpensesMensTeamandWomensTeam0.75
663,2009,462443.0,TotalExpensesMensTeamandMenCoedTeam0.75
664,2009,409553.0,TotalExpensesWomensTeamandWomenCoedTeam0.75
665,2009,854745.0,TotalExpensesMensTeamWomensTeamandCoedTeam0.75
666,2010,150286.0,UNITID0.25
667,2010,4.0,ClassificationName0.25
668,2010,1.0,SanctionCode0.25
669,2010,559.0,MaleUndergraduates0.25
670,2010,741.0,FemaleUndergraduates0.25
671,2010,1320.0,TotalUndergraduates0.25
672,2010,2.0,SportCode0.25
673,2010,14.0,ParticipantsMensTeam0.25
674,2010,12.0,ParticipantsWomensTeam0.25
675,2010,14.0,TotalParticipantsMensTeamMenCoedTeam0.25
676,2010,12.0,TotalParticipantsWomensTeamWomenCoedTeam0.25
677,2010,1610.5,OperatingExpensesperParticipantMensTeam0.25
678,2010,25809.0,OperatingExpensesperTeamMensTeam0.25
679,2010,1639.5,OperatingExpensesperParticipantWomensTeam0.25
680,2010,22931.0,OperatingExpensesperTeamWomensTeam0.25
681,2010,49472.5,TotalOperatingExpensesMensTeamandWomensTeam0.25
682,2010,98592.0,RevenuesMensTeam0.25
683,2010,86796.0,RevenuesWomensTeam0.25
684,2010,176547.0,TotalRevenuesForMensTeamandWomensTeam0.25
685,2010,94400.5,TotalRevenuesMensTeamandMenCoedTeam0.25
686,2010,78953.0,TotalRevenuesWomensTeamandWomenCoedTeam0.25
687,2010,176547.0,TotalRevenuesMensTeamWomensTeamandCoedTeam0.25
688,2010,95873.0,ExpensesMensTeam0.25
689,2010,85767.5,ExpensesWomensTeam0.25
690,2010,173215.5,TotalExpensesMensTeamandWomensTeam0.25
691,2010,92167.0,TotalExpensesMensTeamandMenCoedTeam0.25
692,2010,77756.0,TotalExpensesWomensTeamandWomenCoedTeam0.25
693,2010,173215.5,TotalExpensesMensTeamWomensTeamandCoedTeam0.25
694,2010,179715.0,UNITID0.5
695,2010,7.0,ClassificationName0.5
696,2010,1.0,SanctionCode0.5
697,2010,1053.0,MaleUndergraduates0.5
698,2010,1390.0,FemaleUndergraduates0.5
699,2010,2433.0,TotalUndergraduates0.5
700,2010,2.0,SportCode0.5
701,2010,15.0,ParticipantsMensTeam0.5
702,2010,14.0,ParticipantsWomensTeam0.5
703,2010,15.0,TotalParticipantsMensTeamMenCoedTeam0.5
704,2010,14.0,TotalParticipantsWomensTeamWomenCoedTeam0.5
705,2010,2548.0,OperatingExpensesperParticipantMensTeam0.5
706,2010,41436.0,OperatingExpensesperTeamMensTeam0.5
707,2010,2603.0,OperatingExpensesperParticipantWomensTeam0.5
708,2010,37539.0,OperatingExpensesperTeamWomensTeam0.5
709,2010,78667.0,TotalOperatingExpensesMensTeamandWomensTeam0.5
710,2010,207623.0,RevenuesMensTeam0.5
711,2010,175071.0,RevenuesWomensTeam0.5
712,2010,367611.0,TotalRevenuesForMensTeamandWomensTeam0.5
713,2010,203098.0,TotalRevenuesMensTeamandMenCoedTeam0.5
714,2010,163948.0,TotalRevenuesWomensTeamandWomenCoedTeam0.5
715,2010,367611.0,TotalRevenuesMensTeamWomensTeamandCoedTeam0.5
716,2010,206246.0,ExpensesMensTeam0.5
717,2010,175665.0,ExpensesWomensTeam0.5
718,2010,360705.0,TotalExpensesMensTeamandWomensTeam0.5
719,2010,201099.0,TotalExpensesMensTeamandMenCoedTeam0.5
720,2010,163648.0,TotalExpensesWomensTeamandWomenCoedTeam0.5
721,2010,360705.0,TotalExpensesMensTeamWomensTeamandCoedTeam0.5
722,2010,211995.0,UNITID0.75
723,2010,10.0,ClassificationName0.75
724,2010,3.0,SanctionCode0.75
725,2010,2419.0,MaleUndergraduates0.75
726,2010,2955.0,FemaleUndergraduates0.75
727,2010,5278.5,TotalUndergraduates0.75
728,2010,2.0,SportCode0.75
729,2010,17.0,ParticipantsMensTeam0.75
730,2010,16.0,ParticipantsWomensTeam0.75
731,2010,17.0,TotalParticipantsMensTeamMenCoedTeam0.75
732,2010,16.0,TotalParticipantsWomensTeamWomenCoedTeam0.75
733,2010,5585.5,OperatingExpensesperParticipantMensTeam0.75
734,2010,85516.5,OperatingExpensesperTeamMensTeam0.75
735,2010,5084.0,OperatingExpensesperParticipantWomensTeam0.75
736,2010,75283.5,OperatingExpensesperTeamWomensTeam0.75
737,2010,157827.5,TotalOperatingExpensesMensTeamandWomensTeam0.75
738,2010,493799.0,RevenuesMensTeam0.75
739,2010,414042.5,RevenuesWomensTeam0.75
740,2010,898082.0,TotalRevenuesForMensTeamandWomensTeam0.75
741,2010,484823.0,TotalRevenuesMensTeamandMenCoedTeam0.75
742,2010,398113.0,TotalRevenuesWomensTeamandWomenCoedTeam0.75
743,2010,898082.0,TotalRevenuesMensTeamWomensTeamandCoedTeam0.75
744,2010,486246.0,ExpensesMensTeam0.75
745,2010,436282.0,ExpensesWomensTeam0.75
746,2010,889769.5,TotalExpensesMensTeamandWomensTeam0.75
747,2010,478390.0,TotalExpensesMensTeamandMenCoedTeam0.75
748,2010,424931.0,TotalExpensesWomensTeamandWomenCoedTeam0.75
749,2010,889769.5,TotalExpensesMensTeamWomensTeamandCoedTeam0.75
750,2011,150455.0,UNITID0.25
751,2011,4.0,ClassificationName0.25
752,2011,1.0,SanctionCode0.25
753,2011,555.0,MaleUndergraduates0.25
754,2011,729.0,FemaleUndergraduates0.25
755,2011,1310.0,TotalUndergraduates0.25
756,2011,2.0,SportCode0.25
757,2011,14.0,ParticipantsMensTeam0.25
758,2011,12.0,ParticipantsWomensTeam0.25
759,2011,14.0,TotalParticipantsMensTeamMenCoedTeam0.25
760,2011,12.0,TotalParticipantsWomensTeamWomenCoedTeam0.25
761,2011,1631.0,OperatingExpensesperParticipantMensTeam0.25
762,2011,26954.0,OperatingExpensesperTeamMensTeam0.25
763,2011,1731.0,OperatingExpensesperParticipantWomensTeam0.25
764,2011,24134.0,OperatingExpensesperTeamWomensTeam0.25
765,2011,51912.0,TotalOperatingExpensesMensTeamandWomensTeam0.25
766,2011,101978.5,RevenuesMensTeam0.25
767,2011,92559.5,RevenuesWomensTeam0.25
768,2011,186098.0,TotalRevenuesForMensTeamandWomensTeam0.25
769,2011,98892.0,TotalRevenuesMensTeamandMenCoedTeam0.25
770,2011,84135.0,TotalRevenuesWomensTeamandWomenCoedTeam0.25
771,2011,186098.0,TotalRevenuesMensTeamWomensTeamandCoedTeam0.25
772,2011,99925.5,ExpensesMensTeam0.25
773,2011,90167.5,ExpensesWomensTeam0.25
774,2011,180736.0,TotalExpensesMensTeamandWomensTeam0.25
775,2011,96580.0,TotalExpensesMensTeamandMenCoedTeam0.25
776,2011,83251.0,TotalExpensesWomensTeamandWomenCoedTeam0.25
777,2011,180736.0,TotalExpensesMensTeamWomensTeamandCoedTeam0.25
778,2011,179894.0,UNITID0.5
779,2011,7.0,ClassificationName0.5
780,2011,1.0,SanctionCode0.5
781,2011,1039.0,MaleUndergraduates0.5
782,2011,1379.0,FemaleUndergraduates0.5
783,2011,2427.0,TotalUndergraduates0.5
784,2011,2.0,SportCode0.5
785,2011,15.0,ParticipantsMensTeam0.5
786,2011,14.0,ParticipantsWomensTeam0.5
787,2011,15.0,TotalParticipantsMensTeamMenCoedTeam0.5
788,2011,14.0,TotalParticipantsWomensTeamWomenCoedTeam0.5
789,2011,2639.0,OperatingExpensesperParticipantMensTeam0.5
790,2011,43149.0,OperatingExpensesperTeamMensTeam0.5
791,2011,2672.0,OperatingExpensesperParticipantWomensTeam0.5
792,2011,38655.0,OperatingExpensesperTeamWomensTeam0.5
793,2011,81956.0,TotalOperatingExpensesMensTeamandWomensTeam0.5
794,2011,220464.0,RevenuesMensTeam0.5
795,2011,188506.0,RevenuesWomensTeam0.5
796,2011,392426.0,TotalRevenuesForMensTeamandWomensTeam0.5
797,2011,216233.0,TotalRevenuesMensTeamandMenCoedTeam0.5
798,2011,178904.0,TotalRevenuesWomensTeamandWomenCoedTeam0.5
799,2011,392426.0,TotalRevenuesMensTeamWomensTeamandCoedTeam0.5
800,2011,217448.0,ExpensesMensTeam0.5
801,2011,188805.0,ExpensesWomensTeam0.5
802,2011,387205.0,TotalExpensesMensTeamandWomensTeam0.5
803,2011,209652.0,TotalExpensesMensTeamandMenCoedTeam0.5
804,2011,178904.0,TotalExpensesWomensTeamandWomenCoedTeam0.5
805,2011,387205.0,TotalExpensesMensTeamWomensTeamandCoedTeam0.5
806,2011,212106.0,UNITID0.75
807,2011,10.0,ClassificationName0.75
808,2011,3.0,SanctionCode0.75
809,2011,2347.0,MaleUndergraduates0.75
810,2011,2892.0,FemaleUndergraduates0.75
811,2011,5180.0,TotalUndergraduates0.75
812,2011,2.0,SportCode0.75
813,2011,17.0,ParticipantsMensTeam0.75
814,2011,16.0,ParticipantsWomensTeam0.75
815,2011,17.0,TotalParticipantsMensTeamMenCoedTeam0.75
816,2011,16.0,TotalParticipantsWomensTeamWomenCoedTeam0.75
817,2011,5934.0,OperatingExpensesperParticipantMensTeam0.75
818,2011,84986.0,OperatingExpensesperTeamMensTeam0.75
819,2011,5226.0,OperatingExpensesperParticipantWomensTeam0.75
820,2011,78650.0,OperatingExpensesperTeamWomensTeam0.75
821,2011,162768.0,TotalOperatingExpensesMensTeamandWomensTeam0.75
822,2011,534803.5,RevenuesMensTeam0.75
823,2011,440519.5,RevenuesWomensTeam0.75
824,2011,985560.0,TotalRevenuesForMensTeamandWomensTeam0.75
825,2011,530827.0,TotalRevenuesMensTeamandMenCoedTeam0.75
826,2011,433673.0,TotalRevenuesWomensTeamandWomenCoedTeam0.75
827,2011,985560.0,TotalRevenuesMensTeamWomensTeamandCoedTeam0.75
828,2011,531602.5,ExpensesMensTeam0.75
829,2011,462873.5,ExpensesWomensTeam0.75
830,2011,960752.0,TotalExpensesMensTeamandWomensTeam0.75
831,2011,524622.0,TotalExpensesMensTeamandMenCoedTeam0.75
832,2011,449056.0,TotalExpensesWomensTeamandWomenCoedTeam0.75
833,2011,960752.0,TotalExpensesMensTeamWomensTeamandCoedTeam0.75
834,2012,150569.0,UNITID0.25
835,2012,4.0,ClassificationName0.25
836,2012,1.0,SanctionCode0.25
837,2012,551.5,MaleUndergraduates0.25
838,2012,702.5,FemaleUndergraduates0.25
839,2012,1270.5,TotalUndergraduates0.25
840,2012,2.0,SportCode0.25
841,2012,14.0,ParticipantsMensTeam0.25
842,2012,13.0,ParticipantsWomensTeam0.25
843,2012,14.0,TotalParticipantsMensTeamMenCoedTeam0.25
844,2012,12.0,TotalParticipantsWomensTeamWomenCoedTeam0.25
845,2012,1695.0,OperatingExpensesperParticipantMensTeam0.25
846,2012,27912.5,OperatingExpensesperTeamMensTeam0.25
847,2012,1742.0,OperatingExpensesperParticipantWomensTeam0.25
848,2012,24663.0,OperatingExpensesperTeamWomensTeam0.25
849,2012,53340.0,TotalOperatingExpensesMensTeamandWomensTeam0.25
850,2012,106176.0,RevenuesMensTeam0.25
851,2012,96985.25,RevenuesWomensTeam0.25
852,2012,196198.5,TotalRevenuesForMensTeamandWomensTeam0.25
853,2012,101848.0,TotalRevenuesMensTeamandMenCoedTeam0.25
854,2012,88088.5,TotalRevenuesWomensTeamandWomenCoedTeam0.25
855,2012,196198.5,TotalRevenuesMensTeamWomensTeamandCoedTeam0.25
856,2012,103330.25,ExpensesMensTeam0.25
857,2012,96241.25,ExpensesWomensTeam0.25
858,2012,188564.5,TotalExpensesMensTeamandWomensTeam0.25
859,2012,99352.0,TotalExpensesMensTeamandMenCoedTeam0.25
860,2012,85850.5,TotalExpensesWomensTeamandWomenCoedTeam0.25
861,2012,188564.5,TotalExpensesMensTeamWomensTeamandCoedTeam0.25
862,2012,179715.0,UNITID0.5
863,2012,7.0,ClassificationName0.5
864,2012,1.0,SanctionCode0.5
865,2012,1029.0,MaleUndergraduates0.5
866,2012,1343.0,FemaleUndergraduates0.5
867,2012,2381.0,TotalUndergraduates0.5
868,2012,2.0,SportCode0.5
869,2012,15.0,ParticipantsMensTeam0.5
870,2012,14.0,ParticipantsWomensTeam0.5
871,2012,15.0,TotalParticipantsMensTeamMenCoedTeam0.5
872,2012,14.0,TotalParticipantsWomensTeamWomenCoedTeam0.5
873,2012,2719.0,OperatingExpensesperParticipantMensTeam0.5
874,2012,45424.0,OperatingExpensesperTeamMensTeam0.5
875,2012,2791.0,OperatingExpensesperParticipantWomensTeam0.5
876,2012,40448.0,OperatingExpensesperTeamWomensTeam0.5
877,2012,85872.0,TotalOperatingExpensesMensTeamandWomensTeam0.5
878,2012,220210.5,RevenuesMensTeam0.5
879,2012,194087.5,RevenuesWomensTeam0.5
880,2012,399435.0,TotalRevenuesForMensTeamandWomensTeam0.5
881,2012,216116.0,TotalRevenuesMensTeamandMenCoedTeam0.5
882,2012,185159.0,TotalRevenuesWomensTeamandWomenCoedTeam0.5
883,2012,399435.0,TotalRevenuesMensTeamWomensTeamandCoedTeam0.5
884,2012,218605.0,ExpensesMensTeam0.5
885,2012,197971.5,ExpensesWomensTeam0.5
886,2012,398680.0,TotalExpensesMensTeamandWomensTeam0.5
887,2012,213069.0,TotalExpensesMensTeamandMenCoedTeam0.5
888,2012,185159.0,TotalExpensesWomensTeamandWomenCoedTeam0.5
889,2012,398680.0,TotalExpensesMensTeamWomensTeamandCoedTeam0.5
890,2012,212080.0,UNITID0.75
891,2012,10.0,ClassificationName0.75
892,2012,3.0,SanctionCode0.75
893,2012,2324.5,MaleUndergraduates0.75
894,2012,2828.5,FemaleUndergraduates0.75
895,2012,5184.0,TotalUndergraduates0.75
896,2012,2.0,SportCode0.75
897,2012,17.0,ParticipantsMensTeam0.75
898,2012,16.0,ParticipantsWomensTeam0.75
899,2012,17.0,TotalParticipantsMensTeamMenCoedTeam0.75
900,2012,16.0,TotalParticipantsWomensTeamWomenCoedTeam0.75
901,2012,5875.5,OperatingExpensesperParticipantMensTeam0.75
902,2012,91899.0,OperatingExpensesperTeamMensTeam0.75
903,2012,5442.5,OperatingExpensesperParticipantWomensTeam0.75
904,2012,80307.0,OperatingExpensesperTeamWomensTeam0.75
905,2012,169907.0,TotalOperatingExpensesMensTeamandWomensTeam0.75
906,2012,578454.5,RevenuesMensTeam0.75
907,2012,467320.25,RevenuesWomensTeam0.75
908,2012,1036325.0,TotalRevenuesForMensTeamandWomensTeam0.75
909,2012,568997.5,TotalRevenuesMensTeamandMenCoedTeam0.75
910,2012,452264.0,TotalRevenuesWomensTeamandWomenCoedTeam0.75
911,2012,1036325.0,TotalRevenuesMensTeamWomensTeamandCoedTeam0.75
912,2012,574445.5,ExpensesMensTeam0.75
913,2012,485614.75,ExpensesWomensTeam0.75
914,2012,1016574.0,TotalExpensesMensTeamandWomensTeam0.75
915,2012,563821.0,TotalExpensesMensTeamandMenCoedTeam0.75
916,2012,470908.5,TotalExpensesWomensTeamandWomenCoedTeam0.75
917,2012,1016574.0,TotalExpensesMensTeamWomensTeamandCoedTeam0.75
918,2013,150620.0,UNITID0.25
919,2013,4.0,ClassificationName0.25
920,2013,1.0,SanctionCode0.25
921,2013,546.5,MaleUndergraduates0.25
922,2013,691.0,FemaleUndergraduates0.25
923,2013,1270.0,TotalUndergraduates0.25
924,2013,2.0,SportCode0.25
925,2013,14.0,ParticipantsMensTeam0.25
926,2013,12.0,ParticipantsWomensTeam0.25
927,2013,14.0,TotalParticipantsMensTeamMenCoedTeam0.25
928,2013,12.0,TotalParticipantsWomensTeamWomenCoedTeam0.25
929,2013,1749.0,OperatingExpensesperParticipantMensTeam0.25
930,2013,29053.25,OperatingExpensesperTeamMensTeam0.25
931,2013,1821.5,OperatingExpensesperParticipantWomensTeam0.25
932,2013,25978.25,OperatingExpensesperTeamWomensTeam0.25
933,2013,55365.5,TotalOperatingExpensesMensTeamandWomensTeam0.25
934,2013,113548.0,RevenuesMensTeam0.25
935,2013,103686.5,RevenuesWomensTeam0.25
936,2013,210806.25,TotalRevenuesForMensTeamandWomensTeam0.25
937,2013,110794.5,TotalRevenuesMensTeamandMenCoedTeam0.25
938,2013,93771.0,TotalRevenuesWomensTeamandWomenCoedTeam0.25
939,2013,210806.25,TotalRevenuesMensTeamWomensTeamandCoedTeam0.25
940,2013,112199.5,ExpensesMensTeam0.25
941,2013,101181.0,ExpensesWomensTeam0.25
942,2013,202143.5,TotalExpensesMensTeamandWomensTeam0.25
943,2013,107471.0,TotalExpensesMensTeamandMenCoedTeam0.25
944,2013,91630.75,TotalExpensesWomensTeamandWomenCoedTeam0.25
945,2013,202143.5,TotalExpensesMensTeamWomensTeamandCoedTeam0.25
946,2013,179880.5,UNITID0.5
947,2013,7.0,ClassificationName0.5
948,2013,1.0,SanctionCode0.5
949,2013,1031.5,MaleUndergraduates0.5
950,2013,1311.5,FemaleUndergraduates0.5
951,2013,2364.5,TotalUndergraduates0.5
952,2013,2.0,SportCode0.5
953,2013,15.0,ParticipantsMensTeam0.5
954,2013,14.0,ParticipantsWomensTeam0.5
955,2013,15.0,TotalParticipantsMensTeamMenCoedTeam0.5
956,2013,14.0,TotalParticipantsWomensTeamWomenCoedTeam0.5
957,2013,2920.0,OperatingExpensesperParticipantMensTeam0.5
958,2013,46670.5,OperatingExpensesperTeamMensTeam0.5
959,2013,2931.0,OperatingExpensesperParticipantWomensTeam0.5
960,2013,41898.0,OperatingExpensesperTeamWomensTeam0.5
961,2013,88711.5,TotalOperatingExpensesMensTeamandWomensTeam0.5
962,2013,236050.0,RevenuesMensTeam0.5
963,2013,202533.0,RevenuesWomensTeam0.5
964,2013,427956.0,TotalRevenuesForMensTeamandWomensTeam0.5
965,2013,232809.5,TotalRevenuesMensTeamandMenCoedTeam0.5
966,2013,193222.5,TotalRevenuesWomensTeamandWomenCoedTeam0.5
967,2013,427956.0,TotalRevenuesMensTeamWomensTeamandCoedTeam0.5
968,2013,232760.0,ExpensesMensTeam0.5
969,2013,206635.0,ExpensesWomensTeam0.5
970,2013,422435.0,TotalExpensesMensTeamandWomensTeam0.5
971,2013,228016.0,TotalExpensesMensTeamandMenCoedTeam0.5
972,2013,193445.0,TotalExpensesWomensTeamandWomenCoedTeam0.5
973,2013,422435.0,TotalExpensesMensTeamWomensTeamandCoedTeam0.5
974,2013,212482.0,UNITID0.75
975,2013,10.0,ClassificationName0.75
976,2013,3.0,SanctionCode0.75
977,2013,2332.75,MaleUndergraduates0.75
978,2013,2800.0,FemaleUndergraduates0.75
979,2013,5138.5,TotalUndergraduates0.75
980,2013,2.0,SportCode0.75
981,2013,17.0,ParticipantsMensTeam0.75
982,2013,16.0,ParticipantsWomensTeam0.75
983,2013,17.0,TotalParticipantsMensTeamMenCoedTeam0.75
984,2013,16.0,TotalParticipantsWomensTeamWomenCoedTeam0.75
985,2013,6095.5,OperatingExpensesperParticipantMensTeam0.75
986,2013,93908.0,OperatingExpensesperTeamMensTeam0.75
987,2013,5781.75,OperatingExpensesperParticipantWomensTeam0.75
988,2013,84217.25,OperatingExpensesperTeamWomensTeam0.75
989,2013,174075.75,TotalOperatingExpensesMensTeamandWomensTeam0.75
990,2013,584283.0,RevenuesMensTeam0.75
991,2013,493155.5,RevenuesWomensTeam0.75
992,2013,1066451.5,TotalRevenuesForMensTeamandWomensTeam0.75
993,2013,575644.75,TotalRevenuesMensTeamandMenCoedTeam0.75
994,2013,480440.75,TotalRevenuesWomensTeamandWomenCoedTeam0.75
995,2013,1066451.5,TotalRevenuesMensTeamWomensTeamandCoedTeam0.75
996,2013,573386.5,ExpensesMensTeam0.75
997,2013,514968.5,ExpensesWomensTeam0.75
998,2013,1063224.5,TotalExpensesMensTeamandWomensTeam0.75
999,2013,563616.25,TotalExpensesMensTeamandMenCoedTeam0.75
1000,2013,494728.0,TotalExpensesWomensTeamandWomenCoedTeam0.75
1001,2013,1063224.5,TotalExpensesMensTeamWomensTeamandCoedTeam0.75
1002,2014,150551.5,UNITID0.25
1003,2014,4.0,ClassificationName0.25
1004,2014,1.0,SanctionCode0.25
1005,2014,537.0,MaleUndergraduates0.25
1006,2014,682.75,FemaleUndergraduates0.25
1007,2014,1251.75,TotalUndergraduates0.25
1008,2014,2.0,SportCode0.25
1009,2014,14.0,ParticipantsMensTeam0.25
1010,2014,13.0,ParticipantsWomensTeam0.25
1011,2014,14.0,TotalParticipantsMensTeamMenCoedTeam0.25
1012,2014,12.0,TotalParticipantsWomensTeamWomenCoedTeam0.25
1013,2014,1848.25,OperatingExpensesperParticipantMensTeam0.25
1014,2014,30760.5,OperatingExpensesperTeamMensTeam0.25
1015,2014,1923.25,OperatingExpensesperParticipantWomensTeam0.25
1016,2014,27132.5,OperatingExpensesperTeamWomensTeam0.25
1017,2014,59469.25,TotalOperatingExpensesMensTeamandWomensTeam0.25
1018,2014,120387.0,RevenuesMensTeam0.25
1019,2014,108818.0,RevenuesWomensTeam0.25
1020,2014,221254.5,TotalRevenuesForMensTeamandWomensTeam0.25
1021,2014,115504.0,TotalRevenuesMensTeamandMenCoedTeam0.25
1022,2014,101769.0,TotalRevenuesWomensTeamandWomenCoedTeam0.25
1023,2014,221254.5,TotalRevenuesMensTeamWomensTeamandCoedTeam0.25
1024,2014,116389.0,ExpensesMensTeam0.25
1025,2014,107188.25,ExpensesWomensTeam0.25
1026,2014,215513.75,TotalExpensesMensTeamandWomensTeam0.25
1027,2014,112968.25,TotalExpensesMensTeamandMenCoedTeam0.25
1028,2014,99945.5,TotalExpensesWomensTeamandWomenCoedTeam0.25
1029,2014,215513.75,TotalExpensesMensTeamWomensTeamandCoedTeam0.25
1030,2014,179880.5,UNITID0.5
1031,2014,7.0,ClassificationName0.5
1032,2014,1.0,SanctionCode0.5
1033,2014,998.5,MaleUndergraduates0.5
1034,2014,1284.5,FemaleUndergraduates0.5
1035,2014,2284.5,TotalUndergraduates0.5
1036,2014,2.0,SportCode0.5
1037,2014,16.0,ParticipantsMensTeam0.5
1038,2014,14.0,ParticipantsWomensTeam0.5
1039,2014,15.0,TotalParticipantsMensTeamMenCoedTeam0.5
1040,2014,14.0,TotalParticipantsWomensTeamWomenCoedTeam0.5
1041,2014,2989.5,OperatingExpensesperParticipantMensTeam0.5
1042,2014,49591.0,OperatingExpensesperTeamMensTeam0.5
1043,2014,3010.0,OperatingExpensesperParticipantWomensTeam0.5
1044,2014,44419.5,OperatingExpensesperTeamWomensTeam0.5
1045,2014,93660.0,TotalOperatingExpensesMensTeamandWomensTeam0.5
1046,2014,248013.0,RevenuesMensTeam0.5
1047,2014,209501.5,RevenuesWomensTeam0.5
1048,2014,440871.0,TotalRevenuesForMensTeamandWomensTeam0.5
1049,2014,243385.0,TotalRevenuesMensTeamandMenCoedTeam0.5
1050,2014,200224.0,TotalRevenuesWomensTeamandWomenCoedTeam0.5
1051,2014,440871.0,TotalRevenuesMensTeamWomensTeamandCoedTeam0.5
1052,2014,244399.0,ExpensesMensTeam0.5
1053,2014,207378.5,ExpensesWomensTeam0.5
1054,2014,430195.5,TotalExpensesMensTeamandWomensTeam0.5
1055,2014,239318.5,TotalExpensesMensTeamandMenCoedTeam0.5
1056,2014,196715.5,TotalExpensesWomensTeamandWomenCoedTeam0.5
1057,2014,430195.5,TotalExpensesMensTeamWomensTeamandCoedTeam0.5
1058,2014,212595.0,UNITID0.75
1059,2014,10.0,ClassificationName0.75
1060,2014,3.0,SanctionCode0.75
1061,2014,2305.75,MaleUndergraduates0.75
1062,2014,2749.75,FemaleUndergraduates0.75
1063,2014,5025.25,TotalUndergraduates0.75
1064,2014,2.0,SportCode0.75
1065,2014,18.0,ParticipantsMensTeam0.75
1066,2014,16.0,ParticipantsWomensTeam0.75
1067,2014,18.0,TotalParticipantsMensTeamMenCoedTeam0.75
1068,2014,16.0,TotalParticipantsWomensTeamWomenCoedTeam0.75
1069,2014,6360.75,OperatingExpensesperParticipantMensTeam0.75
1070,2014,100246.0,OperatingExpensesperTeamMensTeam0.75
1071,2014,5948.75,OperatingExpensesperParticipantWomensTeam0.75
1072,2014,88673.0,OperatingExpensesperTeamWomensTeam0.75
1073,2014,184837.5,TotalOperatingExpensesMensTeamandWomensTeam0.75
1074,2014,619796.0,RevenuesMensTeam0.75
1075,2014,507502.25,RevenuesWomensTeam0.75
1076,2014,1114686.75,TotalRevenuesForMensTeamandWomensTeam0.75
1077,2014,612189.75,TotalRevenuesMensTeamandMenCoedTeam0.75
1078,2014,496131.75,TotalRevenuesWomensTeamandWomenCoedTeam0.75
1079,2014,1114686.75,TotalRevenuesMensTeamWomensTeamandCoedTeam0.75
1080,2014,611796.0,ExpensesMensTeam0.75
1081,2014,529981.5,ExpensesWomensTeam0.75
1082,2014,1108361.0,TotalExpensesMensTeamandWomensTeam0.75
1083,2014,602171.75,TotalExpensesMensTeamandMenCoedTeam0.75
1084,2014,512651.75,TotalExpensesWomensTeamandWomenCoedTeam0.75
1085,2014,1108361.0,TotalExpensesMensTeamWomensTeamandCoedTeam0.75
1086,2015,150455.0,UNITID0.25
1087,2015,4.0,ClassificationName0.25
1088,2015,1.0,SanctionCode0.25
1089,2015,528.0,MaleUndergraduates0.25
1090,2015,663.0,FemaleUndergraduates0.25
1091,2015,1227.0,TotalUndergraduates0.25
1092,2015,2.0,SportCode0.25
1093,2015,14.0,ParticipantsMensTeam0.25
1094,2015,13.0,ParticipantsWomensTeam0.25
1095,2015,14.0,TotalParticipantsMensTeamMenCoedTeam0.25
1096,2015,12.0,TotalParticipantsWomensTeamWomenCoedTeam0.25
1097,2015,1856.0,OperatingExpensesperParticipantMensTeam0.25
1098,2015,31909.0,OperatingExpensesperTeamMensTeam0.25
1099,2015,1942.0,OperatingExpensesperParticipantWomensTeam0.25
1100,2015,27708.0,OperatingExpensesperTeamWomensTeam0.25
1101,2015,59577.0,TotalOperatingExpensesMensTeamandWomensTeam0.25
1102,2015,123073.5,RevenuesMensTeam0.25
1103,2015,111089.0,RevenuesWomensTeam0.25
1104,2015,230938.0,TotalRevenuesForMensTeamandWomensTeam0.25
1105,2015,118468.0,TotalRevenuesMensTeamandMenCoedTeam0.25
1106,2015,104770.0,TotalRevenuesWomensTeamandWomenCoedTeam0.25
1107,2015,230938.0,TotalRevenuesMensTeamWomensTeamandCoedTeam0.25
1108,2015,119996.25,ExpensesMensTeam0.25
1109,2015,109379.25,ExpensesWomensTeam0.25
1110,2015,224660.0,TotalExpensesMensTeamandWomensTeam0.25
1111,2015,117342.0,TotalExpensesMensTeamandMenCoedTeam0.25
1112,2015,103201.0,TotalExpensesWomensTeamandWomenCoedTeam0.25
1113,2015,224660.0,TotalExpensesMensTeamWomensTeamandCoedTeam0.25
1114,2015,179955.0,UNITID0.5
1115,2015,7.0,ClassificationName0.5
1116,2015,1.0,SanctionCode0.5
1117,2015,987.0,MaleUndergraduates0.5
1118,2015,1241.0,FemaleUndergraduates0.5
1119,2015,2251.0,TotalUndergraduates0.5
1120,2015,2.0,SportCode0.5
1121,2015,16.0,ParticipantsMensTeam0.5
1122,2015,14.0,ParticipantsWomensTeam0.5
1123,2015,16.0,TotalParticipantsMensTeamMenCoedTeam0.5
1124,2015,14.0,TotalParticipantsWomensTeamWomenCoedTeam0.5
1125,2015,3029.0,OperatingExpensesperParticipantMensTeam0.5
1126,2015,50664.0,OperatingExpensesperTeamMensTeam0.5
1127,2015,3053.0,OperatingExpensesperParticipantWomensTeam0.5
1128,2015,44111.0,OperatingExpensesperTeamWomensTeam0.5
1129,2015,95168.0,TotalOperatingExpensesMensTeamandWomensTeam0.5
1130,2015,253870.0,RevenuesMensTeam0.5
1131,2015,212586.0,RevenuesWomensTeam0.5
1132,2015,448298.0,TotalRevenuesForMensTeamandWomensTeam0.5
1133,2015,248259.0,TotalRevenuesMensTeamandMenCoedTeam0.5
1134,2015,205261.0,TotalRevenuesWomensTeamandWomenCoedTeam0.5
1135,2015,448298.0,TotalRevenuesMensTeamWomensTeamandCoedTeam0.5
1136,2015,248846.0,ExpensesMensTeam0.5
1137,2015,212735.5,ExpensesWomensTeam0.5
1138,2015,439407.0,TotalExpensesMensTeamandWomensTeam0.5
1139,2015,245557.0,TotalExpensesMensTeamandMenCoedTeam0.5
1140,2015,203399.0,TotalExpensesWomensTeamandWomenCoedTeam0.5
1141,2015,439407.0,TotalExpensesMensTeamWomensTeamandCoedTeam0.5
1142,2015,212674.0,UNITID0.75
1143,2015,12.0,ClassificationName0.75
1144,2015,3.0,SanctionCode0.75
1145,2015,2293.0,MaleUndergraduates0.75
1146,2015,2672.0,FemaleUndergraduates0.75
1147,2015,4973.0,TotalUndergraduates0.75
1148,2015,2.0,SportCode0.75
1149,2015,18.0,ParticipantsMensTeam0.75
1150,2015,16.0,ParticipantsWomensTeam0.75
1151,2015,18.0,TotalParticipantsMensTeamMenCoedTeam0.75
1152,2015,16.0,TotalParticipantsWomensTeamWomenCoedTeam0.75
1153,2015,6327.0,OperatingExpensesperParticipantMensTeam0.75
1154,2015,100047.0,OperatingExpensesperTeamMensTeam0.75
1155,2015,5938.0,OperatingExpensesperParticipantWomensTeam0.75
1156,2015,85605.0,OperatingExpensesperTeamWomensTeam0.75
1157,2015,183195.0,TotalOperatingExpensesMensTeamandWomensTeam0.75
1158,2015,629955.5,RevenuesMensTeam0.75
1159,2015,530919.25,RevenuesWomensTeam0.75
1160,2015,1121838.0,TotalRevenuesForMensTeamandWomensTeam0.75
1161,2015,617140.0,TotalRevenuesMensTeamandMenCoedTeam0.75
1162,2015,511697.0,TotalRevenuesWomensTeamandWomenCoedTeam0.75
1163,2015,1121838.0,TotalRevenuesMensTeamWomensTeamandCoedTeam0.75
1164,2015,618130.0,ExpensesMensTeam0.75
1165,2015,547456.25,ExpensesWomensTeam0.75
1166,2015,1112665.0,TotalExpensesMensTeamandWomensTeam0.75
1167,2015,614951.0,TotalExpensesMensTeamandMenCoedTeam0.75
1168,2015,535510.0,TotalExpensesWomensTeamandWomenCoedTeam0.75
1169,2015,1112665.0,TotalExpensesMensTeamWomensTeamandCoedTeam0.75
1170,2016,150413.75,UNITID0.25
1171,2016,4.0,ClassificationName0.25
1172,2016,1.0,SanctionCode0.25
1173,2016,510.25,MaleUndergraduates0.25
1174,2016,652.0,FemaleUndergraduates0.25
1175,2016,1190.25,TotalUndergraduates0.25
1176,2016,2.0,SportCode0.25
1177,2016,14.0,ParticipantsMensTeam0.25
1178,2016,13.0,ParticipantsWomensTeam0.25
1179,2016,14.0,TotalParticipantsMensTeamMenCoedTeam0.25
1180,2016,12.0,TotalParticipantsWomensTeamWomenCoedTeam0.25
1181,2016,1927.75,OperatingExpensesperParticipantMensTeam0.25
1182,2016,32954.0,OperatingExpensesperTeamMensTeam0.25
1183,2016,1976.25,OperatingExpensesperParticipantWomensTeam0.25
1184,2016,28780.75,OperatingExpensesperTeamWomensTeam0.25
1185,2016,62280.75,TotalOperatingExpensesMensTeamandWomensTeam0.25
1186,2016,127143.5,RevenuesMensTeam0.25
1187,2016,114704.25,RevenuesWomensTeam0.25
1188,2016,235345.25,TotalRevenuesForMensTeamandWomensTeam0.25
1189,2016,124365.25,TotalRevenuesMensTeamandMenCoedTeam0.25
1190,2016,107399.75,TotalRevenuesWomensTeamandWomenCoedTeam0.25
1191,2016,235345.25,TotalRevenuesMensTeamWomensTeamandCoedTeam0.25
1192,2016,125847.0,ExpensesMensTeam0.25
1193,2016,111777.0,ExpensesWomensTeam0.25
1194,2016,233427.75,TotalExpensesMensTeamandWomensTeam0.25
1195,2016,122269.5,TotalExpensesMensTeamandMenCoedTeam0.25
1196,2016,105290.75,TotalExpensesWomensTeamandWomenCoedTeam0.25
1197,2016,233427.75,TotalExpensesMensTeamWomensTeamandCoedTeam0.25
1198,2016,179950.5,UNITID0.5
1199,2016,7.0,ClassificationName0.5
1200,2016,1.0,SanctionCode0.5
1201,2016,971.5,MaleUndergraduates0.5
1202,2016,1234.0,FemaleUndergraduates0.5
1203,2016,2220.5,TotalUndergraduates0.5
1204,2016,2.0,SportCode0.5
1205,2016,16.0,ParticipantsMensTeam0.5
1206,2016,14.0,ParticipantsWomensTeam0.5
1207,2016,15.0,TotalParticipantsMensTeamMenCoedTeam0.5
1208,2016,14.0,TotalParticipantsWomensTeamWomenCoedTeam0.5
1209,2016,3146.5,OperatingExpensesperParticipantMensTeam0.5
1210,2016,51886.0,OperatingExpensesperTeamMensTeam0.5
1211,2016,3168.0,OperatingExpensesperParticipantWomensTeam0.5
1212,2016,46808.5,OperatingExpensesperTeamWomensTeam0.5
1213,2016,99354.0,TotalOperatingExpensesMensTeamandWomensTeam0.5
1214,2016,261549.0,RevenuesMensTeam0.5
1215,2016,231348.0,RevenuesWomensTeam0.5
1216,2016,471349.0,TotalRevenuesForMensTeamandWomensTeam0.5
1217,2016,257985.0,TotalRevenuesMensTeamandMenCoedTeam0.5
1218,2016,220922.5,TotalRevenuesWomensTeamandWomenCoedTeam0.5
1219,2016,471349.0,TotalRevenuesMensTeamWomensTeamandCoedTeam0.5
1220,2016,257573.0,ExpensesMensTeam0.5
1221,2016,228770.5,ExpensesWomensTeam0.5
1222,2016,462900.5,TotalExpensesMensTeamandWomensTeam0.5
1223,2016,254662.5,TotalExpensesMensTeamandMenCoedTeam0.5
1224,2016,220045.5,TotalExpensesWomensTeamandWomenCoedTeam0.5
1225,2016,462900.5,TotalExpensesMensTeamWomensTeamandCoedTeam0.5
1226,2016,212669.5,UNITID0.75
1227,2016,12.0,ClassificationName0.75
1228,2016,3.0,SanctionCode0.75
1229,2016,2242.25,MaleUndergraduates0.75
1230,2016,2669.0,FemaleUndergraduates0.75
1231,2016,4956.0,TotalUndergraduates0.75
1232,2016,2.0,SportCode0.75
1233,2016,18.0,ParticipantsMensTeam0.75
1234,2016,17.0,ParticipantsWomensTeam0.75
1235,2016,18.0,TotalParticipantsMensTeamMenCoedTeam0.75
1236,2016,17.0,TotalParticipantsWomensTeamWomenCoedTeam0.75
1237,2016,6458.25,OperatingExpensesperParticipantMensTeam0.75
1238,2016,101719.75,OperatingExpensesperTeamMensTeam0.75
1239,2016,6202.25,OperatingExpensesperParticipantWomensTeam0.75
1240,2016,90000.0,OperatingExpensesperTeamWomensTeam0.75
1241,2016,189668.0,TotalOperatingExpensesMensTeamandWomensTeam0.75
1242,2016,646757.5,RevenuesMensTeam0.75
1243,2016,543135.75,RevenuesWomensTeam0.75
1244,2016,1192674.0,TotalRevenuesForMensTeamandWomensTeam0.75
1245,2016,636343.25,TotalRevenuesMensTeamandMenCoedTeam0.75
1246,2016,533943.25,TotalRevenuesWomensTeamandWomenCoedTeam0.75
1247,2016,1192674.0,TotalRevenuesMensTeamWomensTeamandCoedTeam0.75
1248,2016,640395.5,ExpensesMensTeam0.75
1249,2016,566273.75,ExpensesWomensTeam0.75
1250,2016,1173937.5,TotalExpensesMensTeamandWomensTeam0.75
1251,2016,629436.75,TotalExpensesMensTeamandMenCoedTeam0.75
1252,2016,553269.75,TotalExpensesWomensTeamandWomenCoedTeam0.75
1253,2016,1173937.5,TotalExpensesMensTeamWomensTeamandCoedTeam0.75
1254,2017,150494.5,UNITID0.25
1255,2017,4.0,ClassificationName0.25
1256,2017,1.0,SanctionCode0.25
1257,2017,500.0,MaleUndergraduates0.25
1258,2017,635.0,FemaleUndergraduates0.25
1259,2017,1160.0,TotalUndergraduates0.25
1260,2017,2.0,SportCode0.25
1261,2017,14.0,ParticipantsMensTeam0.25
1262,2017,13.0,ParticipantsWomensTeam0.25
1263,2017,14.0,TotalParticipantsMensTeamMenCoedTeam0.25
1264,2017,12.0,TotalParticipantsWomensTeamWomenCoedTeam0.25
1265,2017,1880.5,OperatingExpensesperParticipantMensTeam0.25
1266,2017,32971.5,OperatingExpensesperTeamMensTeam0.25
1267,2017,2020.0,OperatingExpensesperParticipantWomensTeam0.25
1268,2017,28879.0,OperatingExpensesperTeamWomensTeam0.25
1269,2017,62480.5,TotalOperatingExpensesMensTeamandWomensTeam0.25
1270,2017,131915.0,RevenuesMensTeam0.25
1271,2017,118498.0,RevenuesWomensTeam0.25
1272,2017,246610.0,TotalRevenuesForMensTeamandWomensTeam0.25
1273,2017,127973.5,TotalRevenuesMensTeamandMenCoedTeam0.25
1274,2017,112175.0,TotalRevenuesWomensTeamandWomenCoedTeam0.25
1275,2017,246610.0,TotalRevenuesMensTeamWomensTeamandCoedTeam0.25
1276,2017,129189.25,ExpensesMensTeam0.25
1277,2017,117939.0,ExpensesWomensTeam0.25
1278,2017,240033.0,TotalExpensesMensTeamandWomensTeam0.25
1279,2017,123900.5,TotalExpensesMensTeamandMenCoedTeam0.25
1280,2017,109651.0,TotalExpensesWomensTeamandWomenCoedTeam0.25
1281,2017,240033.0,TotalExpensesMensTeamWomensTeamandCoedTeam0.25
1282,2017,180106.0,UNITID0.5
1283,2017,7.0,ClassificationName0.5
1284,2017,1.0,SanctionCode0.5
1285,2017,941.0,MaleUndergraduates0.5
1286,2017,1198.0,FemaleUndergraduates0.5
1287,2017,2163.0,TotalUndergraduates0.5
1288,2017,2.0,SportCode0.5
1289,2017,16.0,ParticipantsMensTeam0.5
1290,2017,14.0,ParticipantsWomensTeam0.5
1291,2017,16.0,TotalParticipantsMensTeamMenCoedTeam0.5
1292,2017,14.0,TotalParticipantsWomensTeamWomenCoedTeam0.5
1293,2017,3156.0,OperatingExpensesperParticipantMensTeam0.5
1294,2017,53382.0,OperatingExpensesperTeamMensTeam0.5
1295,2017,3136.0,OperatingExpensesperParticipantWomensTeam0.5
1296,2017,46988.0,OperatingExpensesperTeamWomensTeam0.5
1297,2017,100320.0,TotalOperatingExpensesMensTeamandWomensTeam0.5
1298,2017,270822.0,RevenuesMensTeam0.5
1299,2017,233415.0,RevenuesWomensTeam0.5
1300,2017,491108.0,TotalRevenuesForMensTeamandWomensTeam0.5
1301,2017,266931.0,TotalRevenuesMensTeamandMenCoedTeam0.5
1302,2017,221034.0,TotalRevenuesWomensTeamandWomenCoedTeam0.5
1303,2017,491108.0,TotalRevenuesMensTeamWomensTeamandCoedTeam0.5
1304,2017,267857.0,ExpensesMensTeam0.5
1305,2017,231335.0,ExpensesWomensTeam0.5
1306,2017,480892.0,TotalExpensesMensTeamandWomensTeam0.5
1307,2017,264229.0,TotalExpensesMensTeamandMenCoedTeam0.5
1308,2017,219890.0,TotalExpensesWomensTeamandWomenCoedTeam0.5
1309,2017,480892.0,TotalExpensesMensTeamWomensTeamandCoedTeam0.5
1310,2017,212890.0,UNITID0.75
1311,2017,12.0,ClassificationName0.75
1312,2017,3.0,SanctionCode0.75
1313,2017,2188.0,MaleUndergraduates0.75
1314,2017,2667.0,FemaleUndergraduates0.75
1315,2017,4899.0,TotalUndergraduates0.75
1316,2017,2.0,SportCode0.75
1317,2017,18.0,ParticipantsMensTeam0.75
1318,2017,17.0,ParticipantsWomensTeam0.75
1319,2017,18.0,TotalParticipantsMensTeamMenCoedTeam0.75
1320,2017,17.0,TotalParticipantsWomensTeamWomenCoedTeam0.75
1321,2017,6894.5,OperatingExpensesperParticipantMensTeam0.75
1322,2017,107533.5,OperatingExpensesperTeamMensTeam0.75
1323,2017,6579.5,OperatingExpensesperParticipantWomensTeam0.75
1324,2017,94239.0,OperatingExpensesperTeamWomensTeam0.75
1325,2017,200095.5,TotalOperatingExpensesMensTeamandWomensTeam0.75
1326,2017,669050.25,RevenuesMensTeam0.75
1327,2017,562595.0,RevenuesWomensTeam0.75
1328,2017,1235058.0,TotalRevenuesForMensTeamandWomensTeam0.75
1329,2017,655270.5,TotalRevenuesMensTeamandMenCoedTeam0.75
1330,2017,549625.5,TotalRevenuesWomensTeamandWomenCoedTeam0.75
1331,2017,1235058.0,TotalRevenuesMensTeamWomensTeamandCoedTeam0.75
1332,2017,655106.75,ExpensesMensTeam0.75
1333,2017,586596.0,ExpensesWomensTeam0.75
1334,2017,1212308.0,TotalExpensesMensTeamandWomensTeam0.75
1335,2017,648460.0,TotalExpensesMensTeamandMenCoedTeam0.75
1336,2017,569105.5,TotalExpensesWomensTeamandWomenCoedTeam0.75
1337,2017,1212308.0,TotalExpensesMensTeamWomensTeamandCoedTeam0.75
1338,2018,150569.0,UNITID0.25
1339,2018,4.0,ClassificationName0.25
1340,2018,1.0,SanctionCode0.25
1341,2018,475.5,MaleUndergraduates0.25
1342,2018,606.0,FemaleUndergraduates0.25
1343,2018,1134.0,TotalUndergraduates0.25
1344,2018,2.0,SportCode0.25
1345,2018,14.0,ParticipantsMensTeam0.25
1346,2018,12.0,ParticipantsWomensTeam0.25
1347,2018,14.0,TotalParticipantsMensTeamMenCoedTeam0.25
1348,2018,12.0,TotalParticipantsWomensTeamWomenCoedTeam0.25
1349,2018,1968.5,OperatingExpensesperParticipantMensTeam0.25
1350,2018,33475.0,OperatingExpensesperTeamMensTeam0.25
1351,2018,2038.5,OperatingExpensesperParticipantWomensTeam0.25
1352,2018,29082.0,OperatingExpensesperTeamWomensTeam0.25
1353,2018,64304.0,TotalOperatingExpensesMensTeamandWomensTeam0.25
1354,2018,136025.25,RevenuesMensTeam0.25
1355,2018,123262.25,RevenuesWomensTeam0.25
1356,2018,250067.0,TotalRevenuesForMensTeamandWomensTeam0.25
1357,2018,131162.0,TotalRevenuesMensTeamandMenCoedTeam0.25
1358,2018,112888.0,TotalRevenuesWomensTeamandWomenCoedTeam0.25
1359,2018,250067.0,TotalRevenuesMensTeamWomensTeamandCoedTeam0.25
1360,2018,131217.75,ExpensesMensTeam0.25
1361,2018,120464.0,ExpensesWomensTeam0.25
1362,2018,245362.0,TotalExpensesMensTeamandWomensTeam0.25
1363,2018,128632.0,TotalExpensesMensTeamandMenCoedTeam0.25
1364,2018,111412.0,TotalExpensesWomensTeamandWomenCoedTeam0.25
1365,2018,245362.0,TotalExpensesMensTeamWomensTeamandCoedTeam0.25
1366,2018,180179.0,UNITID0.5
1367,2018,7.0,ClassificationName0.5
1368,2018,1.0,SanctionCode0.5
1369,2018,919.0,MaleUndergraduates0.5
1370,2018,1171.0,FemaleUndergraduates0.5
1371,2018,2080.0,TotalUndergraduates0.5
1372,2018,2.0,SportCode0.5
1373,2018,16.0,ParticipantsMensTeam0.5
1374,2018,14.0,ParticipantsWomensTeam0.5
1375,2018,16.0,TotalParticipantsMensTeamMenCoedTeam0.5
1376,2018,14.0,TotalParticipantsWomensTeamWomenCoedTeam0.5
1377,2018,3247.0,OperatingExpensesperParticipantMensTeam0.5
1378,2018,55718.0,OperatingExpensesperTeamMensTeam0.5
1379,2018,3258.0,OperatingExpensesperParticipantWomensTeam0.5
1380,2018,47981.0,OperatingExpensesperTeamWomensTeam0.5
1381,2018,103924.0,TotalOperatingExpensesMensTeamandWomensTeam0.5
1382,2018,275609.5,RevenuesMensTeam0.5
1383,2018,239847.5,RevenuesWomensTeam0.5
1384,2018,499418.0,TotalRevenuesForMensTeamandWomensTeam0.5
1385,2018,272156.0,TotalRevenuesMensTeamandMenCoedTeam0.5
1386,2018,225721.0,TotalRevenuesWomensTeamandWomenCoedTeam0.5
1387,2018,499418.0,TotalRevenuesMensTeamWomensTeamandCoedTeam0.5
1388,2018,273702.0,ExpensesMensTeam0.5
1389,2018,236980.5,ExpensesWomensTeam0.5
1390,2018,495353.0,TotalExpensesMensTeamandWomensTeam0.5
1391,2018,270760.0,TotalExpensesMensTeamandMenCoedTeam0.5
1392,2018,224696.0,TotalExpensesWomensTeamandWomenCoedTeam0.5
1393,2018,495353.0,TotalExpensesMensTeamWomensTeamandCoedTeam0.5
1394,2018,212947.5,UNITID0.75
1395,2018,12.0,ClassificationName0.75
1396,2018,3.0,SanctionCode0.75
1397,2018,2103.0,MaleUndergraduates0.75
1398,2018,2649.0,FemaleUndergraduates0.75
1399,2018,4793.5,TotalUndergraduates0.75
1400,2018,2.0,SportCode0.75
1401,2018,18.0,ParticipantsMensTeam0.75
1402,2018,17.0,ParticipantsWomensTeam0.75
1403,2018,18.0,TotalParticipantsMensTeamMenCoedTeam0.75
1404,2018,17.0,TotalParticipantsWomensTeamWomenCoedTeam0.75
1405,2018,6913.0,OperatingExpensesperParticipantMensTeam0.75
1406,2018,110289.5,OperatingExpensesperTeamMensTeam0.75
1407,2018,6677.0,OperatingExpensesperParticipantWomensTeam0.75
1408,2018,96750.5,OperatingExpensesperTeamWomensTeam0.75
1409,2018,199597.0,TotalOperatingExpensesMensTeamandWomensTeam0.75
1410,2018,687527.0,RevenuesMensTeam0.75
1411,2018,579663.5,RevenuesWomensTeam0.75
1412,2018,1260234.5,TotalRevenuesForMensTeamandWomensTeam0.75
1413,2018,677329.0,TotalRevenuesMensTeamandMenCoedTeam0.75
1414,2018,559554.5,TotalRevenuesWomensTeamandWomenCoedTeam0.75
1415,2018,1260234.5,TotalRevenuesMensTeamWomensTeamandCoedTeam0.75
1416,2018,668187.0,ExpensesMensTeam0.75
1417,2018,609769.0,ExpensesWomensTeam0.75
1418,2018,1246255.5,TotalExpensesMensTeamandWomensTeam0.75
1419,2018,660649.5,TotalExpensesMensTeamandMenCoedTeam0.75
1420,2018,578994.0,TotalExpensesWomensTeamandWomenCoedTeam0.75
1421,2018,1246255.5,TotalExpensesMensTeamWomensTeamandCoedTeam0.75
1422,2019,150455.0,UNITID0.25
1423,2019,4.0,ClassificationName0.25
1424,2019,1.0,SanctionCode0.25
1425,2019,469.0,MaleUndergraduates0.25
1426,2019,593.0,FemaleUndergraduates0.25
1427,2019,1101.0,TotalUndergraduates0.25
1428,2019,2.0,SportCode0.25
1429,2019,14.0,ParticipantsMensTeam0.25
1430,2019,13.0,ParticipantsWomensTeam0.25
1431,2019,14.0,TotalParticipantsMensTeamMenCoedTeam0.25
1432,2019,12.0,TotalParticipantsWomensTeamWomenCoedTeam0.25
1433,2019,1925.0,OperatingExpensesperParticipantMensTeam0.25
1434,2019,33311.0,OperatingExpensesperTeamMensTeam0.25
1435,2019,2056.0,OperatingExpensesperParticipantWomensTeam0.25
1436,2019,28799.0,OperatingExpensesperTeamWomensTeam0.25
1437,2019,62311.0,TotalOperatingExpensesMensTeamandWomensTeam0.25
1438,2019,128992.0,RevenuesMensTeam0.25
1439,2019,119582.0,RevenuesWomensTeam0.25
1440,2019,246157.0,TotalRevenuesForMensTeamandWomensTeam0.25
1441,2019,126049.0,TotalRevenuesMensTeamandMenCoedTeam0.25
1442,2019,113396.0,TotalRevenuesWomensTeamandWomenCoedTeam0.25
1443,2019,246157.0,TotalRevenuesMensTeamWomensTeamandCoedTeam0.25
1444,2019,129725.25,ExpensesMensTeam0.25
1445,2019,120540.0,ExpensesWomensTeam0.25
1446,2019,245835.0,TotalExpensesMensTeamandWomensTeam0.25
1447,2019,126712.0,TotalExpensesMensTeamandMenCoedTeam0.25
1448,2019,112890.0,TotalExpensesWomensTeamandWomenCoedTeam0.25
1449,2019,245835.0,TotalExpensesMensTeamWomensTeamandCoedTeam0.25
1450,2019,180179.0,UNITID0.5
1451,2019,7.0,ClassificationName0.5
1452,2019,1.0,SanctionCode0.5
1453,2019,889.0,MaleUndergraduates0.5
1454,2019,1158.0,FemaleUndergraduates0.5
1455,2019,2050.0,TotalUndergraduates0.5
1456,2019,2.0,SportCode0.5
1457,2019,16.0,ParticipantsMensTeam0.5
1458,2019,14.0,ParticipantsWomensTeam0.5
1459,2019,16.0,TotalParticipantsMensTeamMenCoedTeam0.5
1460,2019,14.0,TotalParticipantsWomensTeamWomenCoedTeam0.5
1461,2019,3178.0,OperatingExpensesperParticipantMensTeam0.5
1462,2019,54855.0,OperatingExpensesperTeamMensTeam0.5
1463,2019,3299.0,OperatingExpensesperParticipantWomensTeam0.5
1464,2019,48645.0,OperatingExpensesperTeamWomensTeam0.5
1465,2019,104633.0,TotalOperatingExpensesMensTeamandWomensTeam0.5
1466,2019,276331.5,RevenuesMensTeam0.5
1467,2019,243312.0,RevenuesWomensTeam0.5
1468,2019,501229.0,TotalRevenuesForMensTeamandWomensTeam0.5
1469,2019,271842.0,TotalRevenuesMensTeamandMenCoedTeam0.5
1470,2019,229299.0,TotalRevenuesWomensTeamandWomenCoedTeam0.5
1471,2019,501229.0,TotalRevenuesMensTeamWomensTeamandCoedTeam0.5
1472,2019,271671.5,ExpensesMensTeam0.5
1473,2019,244921.0,ExpensesWomensTeam0.5
1474,2019,498891.0,TotalExpensesMensTeamandWomensTeam0.5
1475,2019,267192.0,TotalExpensesMensTeamandMenCoedTeam0.5
1476,2019,233147.0,TotalExpensesWomensTeamandWomenCoedTeam0.5
1477,2019,498891.0,TotalExpensesMensTeamWomensTeamandCoedTeam0.5
1478,2019,212911.0,UNITID0.75
1479,2019,12.0,ClassificationName0.75
1480,2019,3.0,SanctionCode0.75
1481,2019,2034.0,MaleUndergraduates0.75
1482,2019,2616.0,FemaleUndergraduates0.75
1483,2019,4763.0,TotalUndergraduates0.75
1484,2019,2.0,SportCode0.75
1485,2019,18.0,ParticipantsMensTeam0.75
1486,2019,17.0,ParticipantsWomensTeam0.75
1487,2019,18.0,TotalParticipantsMensTeamMenCoedTeam0.75
1488,2019,17.0,TotalParticipantsWomensTeamWomenCoedTeam0.75
1489,2019,6575.0,OperatingExpensesperParticipantMensTeam0.75
1490,2019,103282.0,OperatingExpensesperTeamMensTeam0.75
1491,2019,6460.0,OperatingExpensesperParticipantWomensTeam0.75
1492,2019,95937.0,OperatingExpensesperTeamWomensTeam0.75
1493,2019,197303.0,TotalOperatingExpensesMensTeamandWomensTeam0.75
1494,2019,672016.5,RevenuesMensTeam0.75
1495,2019,567499.0,RevenuesWomensTeam0.75
1496,2019,1238177.0,TotalRevenuesForMensTeamandWomensTeam0.75
1497,2019,669018.0,TotalRevenuesMensTeamandMenCoedTeam0.75
1498,2019,551495.0,TotalRevenuesWomensTeamandWomenCoedTeam0.75
1499,2019,1238177.0,TotalRevenuesMensTeamWomensTeamandCoedTeam0.75
1500,2019,666285.25,ExpensesMensTeam0.75
1501,2019,592401.0,ExpensesWomensTeam0.75
1502,2019,1237301.0,TotalExpensesMensTeamandWomensTeam0.75
1503,2019,659446.0,TotalExpensesMensTeamandMenCoedTeam0.75
1504,2019,573325.0,TotalExpensesWomensTeamandWomenCoedTeam0.75
1505,2019,1237301.0,TotalExpensesMensTeamWomensTeamandCoedTeam0.75
1506,2020,151283.25,UNITID0.25
1507,2020,4.0,ClassificationName0.25
1508,2020,1.0,SanctionCode0.25
1509,2020,415.0,MaleUndergraduates0.25
1510,2020,534.25,FemaleUndergraduates0.25
1511,2020,975.5,TotalUndergraduates0.25
1512,2020,2.0,SportCode0.25
1513,2020,14.0,ParticipantsMensTeam0.25
1514,2020,13.0,ParticipantsWomensTeam0.25
1515,2020,14.0,TotalParticipantsMensTeamMenCoedTeam0.25
1516,2020,12.0,TotalParticipantsWomensTeamWomenCoedTeam0.25
1517,2020,1156.5,OperatingExpensesperParticipantMensTeam0.25
1518,2020,21121.0,OperatingExpensesperTeamMensTeam0.25
1519,2020,1182.5,OperatingExpensesperParticipantWomensTeam0.25
1520,2020,17298.75,OperatingExpensesperTeamWomensTeam0.25
1521,2020,39381.5,TotalOperatingExpensesMensTeamandWomensTeam0.25
1522,2020,134781.0,RevenuesMensTeam0.25
1523,2020,122960.5,RevenuesWomensTeam0.25
1524,2020,246268.75,TotalRevenuesForMensTeamandWomensTeam0.25
1525,2020,129855.25,TotalRevenuesMensTeamandMenCoedTeam0.25
1526,2020,112976.0,TotalRevenuesWomensTeamandWomenCoedTeam0.25
1527,2020,246268.75,TotalRevenuesMensTeamWomensTeamandCoedTeam0.25
1528,2020,131749.0,ExpensesMensTeam0.25
1529,2020,121753.5,ExpensesWomensTeam0.25
1530,2020,234824.75,TotalExpensesMensTeamandWomensTeam0.25
1531,2020,125402.75,TotalExpensesMensTeamandMenCoedTeam0.25
1532,2020,111810.25,TotalExpensesWomensTeamandWomenCoedTeam0.25
1533,2020,234824.75,TotalExpensesMensTeamWomensTeamandCoedTeam0.25
1534,2020,179920.0,UNITID0.5
1535,2020,6.0,ClassificationName0.5
1536,2020,1.0,SanctionCode0.5
1537,2020,765.5,MaleUndergraduates0.5
1538,2020,1062.0,FemaleUndergraduates0.5
1539,2020,1826.5,TotalUndergraduates0.5
1540,2020,2.0,SportCode0.5
1541,2020,16.0,ParticipantsMensTeam0.5
1542,2020,15.0,ParticipantsWomensTeam0.5
1543,2020,16.0,TotalParticipantsMensTeamMenCoedTeam0.5
1544,2020,14.0,TotalParticipantsWomensTeamWomenCoedTeam0.5
1545,2020,2246.0,OperatingExpensesperParticipantMensTeam0.5
1546,2020,39981.5,OperatingExpensesperTeamMensTeam0.5
1547,2020,2194.0,OperatingExpensesperParticipantWomensTeam0.5
1548,2020,33769.5,OperatingExpensesperTeamWomensTeam0.5
1549,2020,74599.5,TotalOperatingExpensesMensTeamandWomensTeam0.5
1550,2020,320675.0,RevenuesMensTeam0.5
1551,2020,288072.0,RevenuesWomensTeam0.5
1552,2020,587076.5,TotalRevenuesForMensTeamandWomensTeam0.5
1553,2020,311857.5,TotalRevenuesMensTeamandMenCoedTeam0.5
1554,2020,261685.5,TotalRevenuesWomensTeamandWomenCoedTeam0.5
1555,2020,587076.5,TotalRevenuesMensTeamWomensTeamandCoedTeam0.5
1556,2020,320281.0,ExpensesMensTeam0.5
1557,2020,289759.0,ExpensesWomensTeam0.5
1558,2020,579291.0,TotalExpensesMensTeamandWomensTeam0.5
1559,2020,307731.0,TotalExpensesMensTeamandMenCoedTeam0.5
1560,2020,267679.5,TotalExpensesWomensTeamandWomenCoedTeam0.5
1561,2020,579291.0,TotalExpensesMensTeamWomensTeamandCoedTeam0.5
1562,2020,215330.25,UNITID0.75
1563,2020,10.0,ClassificationName0.75
1564,2020,3.0,SanctionCode0.75
1565,2020,1860.0,MaleUndergraduates0.75
1566,2020,2569.25,FemaleUndergraduates0.75
1567,2020,4531.0,TotalUndergraduates0.75
1568,2020,2.0,SportCode0.75
1569,2020,18.0,ParticipantsMensTeam0.75
1570,2020,17.0,ParticipantsWomensTeam0.75
1571,2020,18.0,TotalParticipantsMensTeamMenCoedTeam0.75
1572,2020,17.0,TotalParticipantsWomensTeamWomenCoedTeam0.75
1573,2020,5684.75,OperatingExpensesperParticipantMensTeam0.75
1574,2020,91520.25,OperatingExpensesperTeamMensTeam0.75
1575,2020,5223.5,OperatingExpensesperParticipantWomensTeam0.75
1576,2020,77952.5,OperatingExpensesperTeamWomensTeam0.75
1577,2020,171895.75,TotalOperatingExpensesMensTeamandWomensTeam0.75
1578,2020,780378.0,RevenuesMensTeam0.75
1579,2020,669750.0,RevenuesWomensTeam0.75
1580,2020,1386400.75,TotalRevenuesForMensTeamandWomensTeam0.75
1581,2020,763156.75,TotalRevenuesMensTeamandMenCoedTeam0.75
1582,2020,627524.5,TotalRevenuesWomensTeamandWomenCoedTeam0.75
1583,2020,1386400.75,TotalRevenuesMensTeamWomensTeamandCoedTeam0.75
1584,2020,779976.0,ExpensesMensTeam0.75
1585,2020,692571.5,ExpensesWomensTeam0.75
1586,2020,1381590.75,TotalExpensesMensTeamandWomensTeam0.75
1587,2020,760135.75,TotalExpensesMensTeamandMenCoedTeam0.75
1588,2020,656583.75,TotalExpensesWomensTeamandWomenCoedTeam0.75
1589,2020,1381590.75,TotalExpensesMensTeamWomensTeamandCoedTeam0.75
